date,region,temperature,salinity,current_speed,sea_level
2020-01-01,Indian Ocean,17.65,34.21,1.92,0.026
2020-01-02,Indian Ocean,18.6,35.2,2.19,-0.21
2020-01-03,Indian Ocean,22.29,35.03,1.79,-0.1
2020-01-04,Indian Ocean,20.78,35.71,2.16,-0.234
2020-01-05,Indian Ocean,21.11,35.93,1.35,-0.128
2020-01-06,Indian Ocean,23.42,35.02,2.21,0.012
2020-01-07,Indian Ocean,20.08,33.87,0.59,-0.09
2020-01-08,Indian Ocean,22.66,35.14,1.3,0.023
2020-01-09,Indian Ocean,19.68,35.33,1.89,0.048
2020-01-10,Indian Ocean,22.98,34.81,1.03,0.143
2020-01-11,Indian Ocean,22.04,34.93,0.59,0.005
2020-01-12,Indian Ocean,22.03,35.11,0.35,0.062
2020-01-13,Indian Ocean,23.19,34.67,0.98,-0.107
2020-01-14,Indian Ocean,21.89,35.74,1.33,0.178
2020-01-15,Indian Ocean,20.5,35.58,0.41,-0.022
2020-01-16,Indian Ocean,19.42,34.77,0.64,0.15
2020-01-17,Indian Ocean,25.16,34.39,2.48,-0.025
2020-01-18,Indian Ocean,25.92,35.31,1.03,0.03
2020-01-19,Indian Ocean,21.71,35.5,1.52,-0.091
2020-01-20,Indian Ocean,22.26,34.85,0.54,-0.031
2020-01-21,Indian Ocean,18.87,34.08,0.95,0.137
2020-01-22,Indian Ocean,21.7,35.21,1.88,-0.018
2020-01-23,Indian Ocean,21.48,34.22,1.42,-0.203
2020-01-24,Indian Ocean,23.13,34.28,1.24,-0.007
2020-01-25,Indian Ocean,21.71,35.77,0.32,0.051
2020-01-26,Indian Ocean,24.13,34.96,1.99,0.027
2020-01-27,Indian Ocean,25.34,35.82,1.36,-0.104
2020-01-28,Indian Ocean,20.9,34.34,0.47,0.166
2020-01-29,Indian Ocean,21.4,35.33,0.25,0.013
2020-01-30,Indian Ocean,22.78,35.62,1.67,0.282
2020-01-31,Indian Ocean,20.6,34.35,0.81,-0.156
2020-02-01,Indian Ocean,22.3,34.64,0.44,0.07
2020-02-02,Indian Ocean,24.4,36.1,0.49,-0.117
2020-02-03,Indian Ocean,24.02,35.9,0.53,-0.053
2020-02-04,Indian Ocean,21.49,34.7,0.95,0.142
2020-02-05,Indian Ocean,22.2,35.65,1.73,0.127
2020-02-06,Indian Ocean,23.3,34.85,2.24,0.072
2020-02-07,Indian Ocean,21.7,35.1,1.09,-0.089
2020-02-08,Indian Ocean,24.34,35.01,1.04,0.024
2020-02-09,Indian Ocean,22.8,35.52,0.81,-0.056
2020-02-10,Indian Ocean,22.67,35.49,0.94,0.08
2020-02-11,Indian Ocean,24.49,35.81,1.21,0.164
2020-02-12,Indian Ocean,19.9,35.81,0.69,0.129
2020-02-13,Indian Ocean,22.64,35.66,0.47,0.034
2020-02-14,Indian Ocean,21.24,34.37,2.03,0.046
2020-02-15,Indian Ocean,23.19,35.87,1.9,-0.021
2020-02-16,Indian Ocean,25.53,34.87,0.32,-0.062
2020-02-17,Indian Ocean,22.7,34.24,1.02,-0.102
2020-02-18,Indian Ocean,21.68,34.59,1.66,-0.081
2020-02-19,Indian Ocean,21.69,33.83,1.67,0.137
2020-02-20,Indian Ocean,21.09,34.63,1.85,0.033
2020-02-21,Indian Ocean,20.94,34.45,0.74,0.066
2020-02-22,Indian Ocean,21.54,34.59,2.16,-0.011
2020-02-23,Indian Ocean,23.23,34.24,1.03,0.072
2020-02-24,Indian Ocean,25.98,35.51,2.48,-0.083
2020-02-25,Indian Ocean,19.75,34.29,2.2,-0.084
2020-02-26,Indian Ocean,22.0,34.24,0.19,0.035
2020-02-27,Indian Ocean,20.91,34.63,0.88,0.035
2020-02-28,Indian Ocean,24.07,34.58,0.2,0.148
2020-02-29,Indian Ocean,19.92,34.15,0.7,0.065
2020-03-01,Indian Ocean,24.1,35.38,0.5,-0.074
2020-03-02,Indian Ocean,22.12,34.93,1.39,-0.211
2020-03-03,Indian Ocean,22.75,34.63,0.31,-0.074
2020-03-04,Indian Ocean,24.59,34.32,0.57,-0.084
2020-03-05,Indian Ocean,21.54,34.9,2.3,-0.098
2020-03-06,Indian Ocean,23.13,34.42,2.4,0.216
2020-03-07,Indian Ocean,20.67,34.74,2.23,-0.009
2020-03-08,Indian Ocean,23.61,35.3,0.22,0.067
2020-03-09,Indian Ocean,20.65,35.75,0.21,0.035
2020-03-10,Indian Ocean,25.12,34.34,0.12,-0.04
2020-03-11,Indian Ocean,22.05,35.12,1.51,0.154
2020-03-12,Indian Ocean,27.57,34.5,0.92,-0.075
2020-03-13,Indian Ocean,24.36,34.71,1.61,-0.146
2020-03-14,Indian Ocean,22.04,35.0,0.57,0.126
2020-03-15,Indian Ocean,22.31,35.48,1.6,-0.14
2020-03-16,Indian Ocean,24.67,35.41,1.86,0.105
2020-03-17,Indian Ocean,17.1,34.72,1.54,-0.026
2020-03-18,Indian Ocean,24.02,35.43,0.12,-0.034
2020-03-19,Indian Ocean,23.53,35.98,0.22,-0.097
2020-03-20,Indian Ocean,22.22,34.97,0.93,-0.018
2020-03-21,Indian Ocean,21.41,35.15,1.51,0.082
2020-03-22,Indian Ocean,22.03,34.49,2.1,0.07
2020-03-23,Indian Ocean,23.02,34.6,0.63,0.096
2020-03-24,Indian Ocean,22.95,35.96,0.12,0.06
2020-03-25,Indian Ocean,23.14,34.44,2.31,0.07
2020-03-26,Indian Ocean,20.63,35.43,1.06,-0.055
2020-03-27,Indian Ocean,23.99,35.26,1.75,-0.047
2020-03-28,Indian Ocean,23.36,35.59,0.5,-0.125
2020-03-29,Indian Ocean,22.41,34.49,2.25,0.161
2020-03-30,Indian Ocean,25.01,35.31,0.85,-0.171
2020-03-31,Indian Ocean,23.42,35.55,2.02,-0.073
2020-04-01,Indian Ocean,22.67,34.37,1.34,0.043
2020-04-02,Indian Ocean,18.03,34.75,0.83,-0.084
2020-04-03,Indian Ocean,21.52,35.26,1.31,-0.042
2020-04-04,Indian Ocean,21.41,34.5,1.24,0.038
2020-04-05,Indian Ocean,18.34,35.97,0.29,0.052
2020-04-06,Indian Ocean,22.95,35.39,1.35,-0.101
2020-04-07,Indian Ocean,24.29,34.44,2.09,0.128
2020-04-08,Indian Ocean,20.87,35.28,0.55,-0.015
2020-04-09,Indian Ocean,24.18,34.39,0.42,-0.003
2020-04-10,Indian Ocean,24.18,34.97,1.89,0.119
2020-04-11,Indian Ocean,22.04,35.02,0.16,-0.103
2020-04-12,Indian Ocean,21.19,35.45,0.59,-0.121
2020-04-13,Indian Ocean,22.46,34.96,2.1,0.093
2020-04-14,Indian Ocean,20.34,33.75,1.44,0.138
2020-04-15,Indian Ocean,24.4,34.76,0.67,0.059
2020-04-16,Indian Ocean,21.09,35.38,1.1,-0.067
2020-04-17,Indian Ocean,23.68,34.9,0.53,-0.025
2020-04-18,Indian Ocean,22.66,34.56,2.4,-0.009
2020-04-19,Indian Ocean,24.29,34.37,0.47,0.087
2020-04-20,Indian Ocean,21.96,33.98,1.54,0.111
2020-04-21,Indian Ocean,23.85,34.9,0.57,0.053
2020-04-22,Indian Ocean,21.73,35.36,0.16,-0.082
2020-04-23,Indian Ocean,23.43,34.56,1.95,0.085
2020-04-24,Indian Ocean,23.21,34.75,0.19,0.035
2020-04-25,Indian Ocean,21.95,34.28,2.12,0.035
2020-04-26,Indian Ocean,22.07,35.35,1.95,-0.202
2020-04-27,Indian Ocean,19.3,34.57,1.14,0.079
2020-04-28,Indian Ocean,24.46,35.02,0.86,0.084
2020-04-29,Indian Ocean,23.0,34.82,0.23,-0.121
2020-04-30,Indian Ocean,23.33,35.15,1.08,-0.054
2020-05-01,Indian Ocean,27.57,34.73,2.44,-0.007
2020-05-02,Indian Ocean,23.96,35.31,1.42,-0.065
2020-05-03,Indian Ocean,21.97,35.15,0.78,0.153
2020-05-04,Indian Ocean,24.08,33.79,1.61,-0.05
2020-05-05,Indian Ocean,26.83,35.6,0.84,-0.1
2020-05-06,Indian Ocean,24.04,34.98,1.3,0.092
2020-05-07,Indian Ocean,26.81,33.97,1.85,0.094
2020-05-08,Indian Ocean,23.46,35.04,1.98,0.189
2020-05-09,Indian Ocean,21.05,35.16,1.93,0.033
2020-05-10,Indian Ocean,22.6,34.93,1.81,0.127
2020-05-11,Indian Ocean,25.54,34.58,0.24,-0.084
2020-05-12,Indian Ocean,23.76,35.13,2.15,0.067
2020-05-13,Indian Ocean,24.11,35.21,2.21,0.111
2020-05-14,Indian Ocean,20.43,34.69,1.38,-0.004
2020-05-15,Indian Ocean,19.85,35.1,1.59,-0.005
2020-05-16,Indian Ocean,21.21,34.64,0.66,-0.06
2020-05-17,Indian Ocean,21.01,35.1,2.0,-0.064
2020-05-18,Indian Ocean,22.78,34.71,1.86,0.049
2020-05-19,Indian Ocean,26.07,35.08,1.55,0.026
2020-05-20,Indian Ocean,23.46,35.24,1.39,-0.111
2020-05-21,Indian Ocean,24.36,34.99,0.57,-0.042
2020-05-22,Indian Ocean,23.71,35.54,0.77,-0.086
2020-05-23,Indian Ocean,25.19,35.27,0.96,-0.037
2020-05-24,Indian Ocean,21.22,35.52,2.18,0.134
2020-05-25,Indian Ocean,22.79,34.72,0.84,0.215
2020-05-26,Indian Ocean,22.33,35.11,2.49,0.134
2020-05-27,Indian Ocean,22.6,34.79,1.89,0.008
2020-05-28,Indian Ocean,23.79,34.63,2.16,-0.049
2020-05-29,Indian Ocean,22.56,35.15,1.49,-0.027
2020-05-30,Indian Ocean,23.11,35.29,0.66,-0.162
2020-05-31,Indian Ocean,24.81,34.65,1.31,0.122
2020-06-01,Indian Ocean,19.29,35.92,0.73,-0.122
2020-06-02,Indian Ocean,21.94,35.67,1.24,-0.008
2020-06-03,Indian Ocean,18.58,34.52,1.31,-0.159
2020-06-04,Indian Ocean,24.38,35.69,1.36,0.011
2020-06-05,Indian Ocean,20.64,35.86,2.19,-0.029
2020-06-06,Indian Ocean,24.65,34.79,2.47,-0.002
2020-06-07,Indian Ocean,25.69,35.49,1.04,-0.142
2020-06-08,Indian Ocean,20.12,35.13,2.06,-0.181
2020-06-09,Indian Ocean,25.54,34.59,0.58,-0.026
2020-06-10,Indian Ocean,22.75,35.04,1.76,0.046
2020-06-11,Indian Ocean,25.53,34.28,2.37,-0.086
2020-06-12,Indian Ocean,23.17,35.8,0.97,-0.041
2020-06-13,Indian Ocean,22.47,34.95,0.97,0.019
2020-06-14,Indian Ocean,23.36,35.18,1.65,-0.044
2020-06-15,Indian Ocean,22.15,35.17,2.16,0.124
2020-06-16,Indian Ocean,20.8,34.95,0.79,0.033
2020-06-17,Indian Ocean,22.77,35.3,0.89,0.065
2020-06-18,Indian Ocean,24.43,35.16,0.64,0.143
2020-06-19,Indian Ocean,25.63,34.67,0.13,0.097
2020-06-20,Indian Ocean,22.92,34.41,0.34,0.006
2020-06-21,Indian Ocean,22.24,34.89,1.12,0.148
2020-06-22,Indian Ocean,24.72,34.16,1.22,0.045
2020-06-23,Indian Ocean,23.26,35.32,0.53,0.131
2020-06-24,Indian Ocean,25.05,33.88,0.89,-0.071
2020-06-25,Indian Ocean,24.49,35.1,0.74,-0.104
2020-06-26,Indian Ocean,20.12,34.94,0.99,0.003
2020-06-27,Indian Ocean,25.9,35.16,1.71,0.058
2020-06-28,Indian Ocean,27.17,34.43,0.98,0.158
2020-06-29,Indian Ocean,19.79,34.97,2.23,0.07
2020-06-30,Indian Ocean,23.52,34.97,1.34,0.009
2020-07-01,Indian Ocean,21.5,34.49,0.66,-0.057
2020-07-02,Indian Ocean,22.19,34.36,1.5,0.148
2020-07-03,Indian Ocean,21.99,35.53,1.32,0.032
2020-07-04,Indian Ocean,24.86,35.86,1.0,0.012
2020-07-05,Indian Ocean,22.2,35.04,1.75,-0.049
2020-07-06,Indian Ocean,24.5,35.44,1.15,-0.01
2020-07-07,Indian Ocean,22.88,33.89,0.74,-0.084
2020-07-08,Indian Ocean,22.07,35.43,1.16,0.069
2020-07-09,Indian Ocean,22.3,34.98,1.89,-0.12
2020-07-10,Indian Ocean,23.91,36.07,1.34,-0.095
2020-07-11,Indian Ocean,26.61,34.91,2.3,0.096
2020-07-12,Indian Ocean,25.93,35.35,0.27,-0.144
2020-07-13,Indian Ocean,23.69,35.07,2.23,-0.003
2020-07-14,Indian Ocean,22.88,34.67,0.25,-0.003
2020-07-15,Indian Ocean,24.02,34.82,0.95,-0.136
2020-07-16,Indian Ocean,27.24,35.55,1.21,0.02
2020-07-17,Indian Ocean,19.49,35.23,2.48,-0.013
2020-07-18,Indian Ocean,20.83,35.81,0.45,-0.187
2020-07-19,Indian Ocean,25.18,35.34,1.13,-0.115
2020-07-20,Indian Ocean,23.29,33.51,0.51,-0.089
2020-07-21,Indian Ocean,24.52,35.04,0.68,-0.075
2020-07-22,Indian Ocean,25.52,34.86,0.15,-0.196
2020-07-23,Indian Ocean,24.38,34.86,1.02,0.157
2020-07-24,Indian Ocean,20.97,35.29,0.82,-0.12
2020-07-25,Indian Ocean,23.35,35.34,0.72,-0.033
2020-07-26,Indian Ocean,23.45,34.81,1.22,0.144
2020-07-27,Indian Ocean,21.47,35.1,2.01,-0.044
2020-07-28,Indian Ocean,20.63,35.93,2.22,0.058
2020-07-29,Indian Ocean,23.54,34.97,0.47,-0.161
2020-07-30,Indian Ocean,19.77,33.85,0.38,0.158
2020-07-31,Indian Ocean,22.43,34.35,0.5,0.056
2020-08-01,Indian Ocean,24.91,34.45,2.25,-0.174
2020-08-02,Indian Ocean,21.27,35.4,1.78,-0.03
2020-08-03,Indian Ocean,24.44,34.89,0.7,-0.088
2020-08-04,Indian Ocean,24.63,35.58,2.4,-0.089
2020-08-05,Indian Ocean,24.11,35.18,1.08,-0.273
2020-08-06,Indian Ocean,20.87,34.92,0.32,0.165
2020-08-07,Indian Ocean,23.27,34.55,1.85,-0.016
2020-08-08,Indian Ocean,24.14,35.48,1.95,-0.147
2020-08-09,Indian Ocean,25.29,34.72,0.79,-0.142
2020-08-10,Indian Ocean,22.75,34.46,0.5,-0.003
2020-08-11,Indian Ocean,22.82,34.6,1.24,-0.031
2020-08-12,Indian Ocean,23.9,34.9,1.51,-0.046
2020-08-13,Indian Ocean,25.27,35.26,0.49,0.073
2020-08-14,Indian Ocean,22.6,34.5,0.64,-0.095
2020-08-15,Indian Ocean,19.84,34.86,0.86,0.057
2020-08-16,Indian Ocean,24.28,35.43,2.31,0.201
2020-08-17,Indian Ocean,24.82,36.37,1.87,-0.06
2020-08-18,Indian Ocean,23.26,34.1,0.89,0.108
2020-08-19,Indian Ocean,23.24,34.49,0.71,0.221
2020-08-20,Indian Ocean,21.27,35.18,2.22,0.109
2020-08-21,Indian Ocean,25.94,35.28,0.82,0.209
2020-08-22,Indian Ocean,20.04,34.86,1.77,0.267
2020-08-23,Indian Ocean,22.97,35.96,0.53,0.124
2020-08-24,Indian Ocean,24.97,34.7,2.18,-0.006
2020-08-25,Indian Ocean,24.59,35.23,1.38,-0.065
2020-08-26,Indian Ocean,21.88,34.78,1.93,-0.17
2020-08-27,Indian Ocean,22.37,34.58,1.67,-0.104
2020-08-28,Indian Ocean,22.63,35.38,2.23,-0.078
2020-08-29,Indian Ocean,23.9,34.72,1.6,-0.14
2020-08-30,Indian Ocean,23.0,35.13,1.18,0.112
2020-08-31,Indian Ocean,21.43,35.45,1.15,0.085
2020-09-01,Indian Ocean,20.19,34.24,0.22,0.012
2020-09-02,Indian Ocean,22.72,34.63,0.62,0.03
2020-09-03,Indian Ocean,24.7,34.76,0.32,0.05
2020-09-04,Indian Ocean,24.15,34.74,1.6,-0.095
2020-09-05,Indian Ocean,27.92,34.01,1.15,0.007
2020-09-06,Indian Ocean,24.52,34.63,2.26,0.101
2020-09-07,Indian Ocean,21.92,34.95,1.83,-0.019
2020-09-08,Indian Ocean,19.55,35.17,0.15,-0.225
2020-09-09,Indian Ocean,24.53,34.82,1.95,-0.24
2020-09-10,Indian Ocean,26.4,36.09,0.72,-0.031
2020-09-11,Indian Ocean,24.68,34.75,2.34,-0.022
2020-09-12,Indian Ocean,22.55,35.29,1.7,-0.01
2020-09-13,Indian Ocean,28.52,34.45,0.62,-0.188
2020-09-14,Indian Ocean,26.65,34.05,0.52,-0.068
2020-09-15,Indian Ocean,23.53,33.77,1.65,0.016
2020-09-16,Indian Ocean,27.37,35.03,1.81,-0.106
2020-09-17,Indian Ocean,21.59,34.37,1.84,0.113
2020-09-18,Indian Ocean,25.3,34.7,0.18,0.13
2020-09-19,Indian Ocean,24.21,35.22,0.59,0.031
2020-09-20,Indian Ocean,22.07,35.04,1.41,0.067
2020-09-21,Indian Ocean,23.5,35.7,0.83,0.053
2020-09-22,Indian Ocean,21.8,34.38,1.25,-0.111
2020-09-23,Indian Ocean,22.27,36.23,0.52,-0.064
2020-09-24,Indian Ocean,20.26,34.83,1.72,0.007
2020-09-25,Indian Ocean,22.71,35.28,1.03,-0.149
2020-09-26,Indian Ocean,21.5,34.84,1.49,-0.058
2020-09-27,Indian Ocean,22.61,35.8,1.16,-0.159
2020-09-28,Indian Ocean,24.51,35.17,2.25,0.05
2020-09-29,Indian Ocean,19.75,35.51,1.83,-0.044
2020-09-30,Indian Ocean,27.09,34.33,1.49,0.056
2020-10-01,Indian Ocean,22.51,34.55,0.46,-0.215
2020-10-02,Indian Ocean,26.2,34.76,0.42,0.04
2020-10-03,Indian Ocean,27.13,35.67,0.26,0.042
2020-10-04,Indian Ocean,21.34,35.27,0.59,-0.071
2020-10-05,Indian Ocean,27.31,35.55,0.69,-0.051
2020-10-06,Indian Ocean,20.25,34.42,2.15,0.078
2020-10-07,Indian Ocean,21.51,35.65,0.98,-0.091
2020-10-08,Indian Ocean,26.32,35.22,0.14,-0.003
2020-10-09,Indian Ocean,23.22,34.85,1.96,-0.017
2020-10-10,Indian Ocean,24.03,34.33,1.49,-0.052
2020-10-11,Indian Ocean,20.49,35.03,0.71,-0.185
2020-10-12,Indian Ocean,25.08,35.18,1.43,0.031
2020-10-13,Indian Ocean,26.52,36.45,1.17,-0.027
2020-10-14,Indian Ocean,22.59,35.23,0.66,0.157
2020-10-15,Indian Ocean,22.6,35.57,1.8,0.048
2020-10-16,Indian Ocean,21.95,34.78,0.38,-0.054
2020-10-17,Indian Ocean,19.1,35.56,1.18,-0.018
2020-10-18,Indian Ocean,22.73,35.02,0.19,-0.12
2020-10-19,Indian Ocean,21.9,35.46,1.42,0.156
2020-10-20,Indian Ocean,24.07,34.06,0.31,0.108
2020-10-21,Indian Ocean,25.38,35.18,2.32,0.04
2020-10-22,Indian Ocean,24.26,34.43,2.19,0.0
2020-10-23,Indian Ocean,23.91,34.92,1.3,-0.105
2020-10-24,Indian Ocean,22.04,35.02,1.79,0.028
2020-10-25,Indian Ocean,25.04,35.25,1.85,-0.142
2020-10-26,Indian Ocean,21.98,35.38,1.93,0.155
2020-10-27,Indian Ocean,25.45,34.36,0.63,-0.125
2020-10-28,Indian Ocean,23.82,35.18,0.47,-0.025
2020-10-29,Indian Ocean,23.29,34.67,0.31,-0.035
2020-10-30,Indian Ocean,24.02,33.91,2.22,-0.024
2020-10-31,Indian Ocean,25.21,34.46,0.46,-0.079
2020-11-01,Indian Ocean,25.84,34.18,0.7,-0.005
2020-11-02,Indian Ocean,23.13,35.3,0.94,-0.059
2020-11-03,Indian Ocean,21.3,34.25,2.17,-0.049
2020-11-04,Indian Ocean,24.94,34.69,2.08,0.088
2020-11-05,Indian Ocean,26.55,35.45,1.23,0.081
2020-11-06,Indian Ocean,23.21,34.74,0.49,-0.065
2020-11-07,Indian Ocean,24.27,35.04,0.68,-0.113
2020-11-08,Indian Ocean,27.2,34.35,1.18,-0.036
2020-11-09,Indian Ocean,25.95,35.48,1.73,0.18
2020-11-10,Indian Ocean,25.58,35.58,1.58,-0.025
2020-11-11,Indian Ocean,21.62,34.8,2.1,-0.135
2020-11-12,Indian Ocean,23.08,35.12,1.64,-0.015
2020-11-13,Indian Ocean,21.86,34.97,0.82,-0.093
2020-11-14,Indian Ocean,24.89,35.42,2.19,-0.044
2020-11-15,Indian Ocean,23.15,35.23,1.34,-0.026
2020-11-16,Indian Ocean,23.93,34.82,1.81,-0.011
2020-11-17,Indian Ocean,21.5,35.0,2.48,0.008
2020-11-18,Indian Ocean,29.53,34.98,2.39,0.023
2020-11-19,Indian Ocean,25.75,34.57,1.69,0.057
2020-11-20,Indian Ocean,23.51,35.9,0.91,-0.037
2020-11-21,Indian Ocean,22.37,35.07,1.94,-0.127
2020-11-22,Indian Ocean,26.03,34.74,0.91,0.086
2020-11-23,Indian Ocean,25.3,34.91,1.65,0.149
2020-11-24,Indian Ocean,23.18,35.35,2.01,0.018
2020-11-25,Indian Ocean,25.69,35.3,1.42,0.16
2020-11-26,Indian Ocean,21.92,35.9,1.63,-0.12
2020-11-27,Indian Ocean,23.8,35.28,0.43,0.016
2020-11-28,Indian Ocean,23.96,34.45,2.05,0.125
2020-11-29,Indian Ocean,22.95,34.85,0.59,-0.035
2020-11-30,Indian Ocean,26.52,34.7,0.95,-0.042
2020-12-01,Indian Ocean,21.83,34.47,0.2,-0.143
2020-12-02,Indian Ocean,28.09,35.16,0.7,0.069
2020-12-03,Indian Ocean,24.23,34.99,2.38,-0.013
2020-12-04,Indian Ocean,22.82,35.19,0.52,-0.173
2020-12-05,Indian Ocean,25.5,35.74,0.88,0.093
2020-12-06,Indian Ocean,26.79,35.67,0.7,-0.11
2020-12-07,Indian Ocean,21.4,35.26,0.27,0.045
2020-12-08,Indian Ocean,25.24,35.65,1.1,-0.046
2020-12-09,Indian Ocean,20.72,35.28,1.41,0.171
2020-12-10,Indian Ocean,24.2,34.85,2.25,-0.092
2020-12-11,Indian Ocean,25.07,34.49,2.21,0.351
2020-12-12,Indian Ocean,23.39,35.13,1.26,0.138
2020-12-13,Indian Ocean,24.68,34.53,0.99,0.019
2020-12-14,Indian Ocean,22.85,35.64,2.34,-0.067
2020-12-15,Indian Ocean,22.88,35.52,0.66,-0.023
2020-12-16,Indian Ocean,21.14,34.75,0.26,0.049
2020-12-17,Indian Ocean,23.56,34.93,1.03,0.072
2020-12-18,Indian Ocean,26.11,35.47,1.53,0.007
2020-12-19,Indian Ocean,25.92,35.57,0.31,0.187
2020-12-20,Indian Ocean,22.44,34.45,0.27,-0.054
2020-12-21,Indian Ocean,25.74,35.58,0.5,-0.036
2020-12-22,Indian Ocean,21.45,34.71,2.23,-0.058
2020-12-23,Indian Ocean,23.16,35.37,1.6,0.066
2020-12-24,Indian Ocean,25.42,34.45,1.52,-0.097
2020-12-25,Indian Ocean,22.99,34.89,1.45,0.075
2020-12-26,Indian Ocean,24.34,34.83,0.23,-0.019
2020-12-27,Indian Ocean,25.95,35.41,1.3,-0.106
2020-12-28,Indian Ocean,26.75,34.89,0.88,-0.193
2020-12-29,Indian Ocean,24.56,35.28,2.5,-0.057
2020-12-30,Indian Ocean,27.82,35.74,2.38,0.045
2020-01-01,Pacific Ocean,17.74,36.14,1.57,0.012
2020-01-02,Pacific Ocean,20.85,35.02,1.45,-0.136
2020-01-03,Pacific Ocean,20.32,35.26,2.44,-0.082
2020-01-04,Pacific Ocean,19.65,34.93,1.87,-0.096
2020-01-05,Pacific Ocean,18.14,34.88,1.52,0.062
2020-01-06,Pacific Ocean,19.82,34.8,2.09,-0.066
2020-01-07,Pacific Ocean,19.88,34.2,1.94,-0.042
2020-01-08,Pacific Ocean,19.48,35.13,2.13,-0.09
2020-01-09,Pacific Ocean,21.81,35.18,1.67,-0.066
2020-01-10,Pacific Ocean,21.68,34.15,1.97,0.088
2020-01-11,Pacific Ocean,21.3,34.72,1.96,-0.246
2020-01-12,Pacific Ocean,17.11,34.96,0.71,-0.075
2020-01-13,Pacific Ocean,16.88,35.69,2.27,0.141
2020-01-14,Pacific Ocean,18.13,35.04,0.94,0.256
2020-01-15,Pacific Ocean,18.89,35.49,0.63,0.07
2020-01-16,Pacific Ocean,21.55,35.24,1.66,-0.088
2020-01-17,Pacific Ocean,18.21,35.63,0.26,0.093
2020-01-18,Pacific Ocean,21.07,34.79,0.33,0.089
2020-01-19,Pacific Ocean,16.22,34.56,1.42,-0.024
2020-01-20,Pacific Ocean,19.12,34.79,0.36,0.083
2020-01-21,Pacific Ocean,16.64,34.51,0.34,0.018
2020-01-22,Pacific Ocean,14.64,34.53,2.01,-0.038
2020-01-23,Pacific Ocean,17.24,34.79,0.32,-0.025
2020-01-24,Pacific Ocean,17.43,34.83,0.18,0.02
2020-01-25,Pacific Ocean,18.49,35.71,0.79,-0.107
2020-01-26,Pacific Ocean,19.05,35.29,0.75,-0.162
2020-01-27,Pacific Ocean,18.43,35.1,0.7,-0.0
2020-01-28,Pacific Ocean,14.23,35.2,0.35,-0.095
2020-01-29,Pacific Ocean,18.18,34.36,1.52,-0.03
2020-01-30,Pacific Ocean,18.57,35.01,2.19,0.073
2020-01-31,Pacific Ocean,17.86,35.33,1.77,0.171
2020-02-01,Pacific Ocean,16.57,34.11,2.34,0.095
2020-02-02,Pacific Ocean,18.34,34.81,0.75,-0.037
2020-02-03,Pacific Ocean,18.49,34.88,0.58,0.001
2020-02-04,Pacific Ocean,17.5,35.86,2.31,-0.087
2020-02-05,Pacific Ocean,19.72,34.98,2.15,0.141
2020-02-06,Pacific Ocean,19.96,35.07,2.28,-0.164
2020-02-07,Pacific Ocean,18.16,33.89,0.45,0.129
2020-02-08,Pacific Ocean,17.16,34.52,1.07,0.257
2020-02-09,Pacific Ocean,17.48,34.69,0.34,-0.06
2020-02-10,Pacific Ocean,19.44,35.29,0.83,-0.107
2020-02-11,Pacific Ocean,18.94,34.69,1.09,-0.022
2020-02-12,Pacific Ocean,18.72,35.45,0.46,-0.155
2020-02-13,Pacific Ocean,18.57,35.15,1.82,0.012
2020-02-14,Pacific Ocean,25.28,33.72,1.5,-0.115
2020-02-15,Pacific Ocean,14.4,34.8,1.69,-0.05
2020-02-16,Pacific Ocean,16.32,33.79,0.27,-0.015
2020-02-17,Pacific Ocean,18.75,34.78,1.52,-0.081
2020-02-18,Pacific Ocean,20.26,35.44,1.47,0.038
2020-02-19,Pacific Ocean,19.26,34.72,1.35,-0.089
2020-02-20,Pacific Ocean,18.79,35.1,0.67,-0.056
2020-02-21,Pacific Ocean,17.16,34.35,1.78,-0.0
2020-02-22,Pacific Ocean,20.85,34.73,1.57,-0.054
2020-02-23,Pacific Ocean,14.83,35.67,1.75,0.071
2020-02-24,Pacific Ocean,19.31,35.12,2.39,-0.054
2020-02-25,Pacific Ocean,21.4,34.88,1.34,-0.086
2020-02-26,Pacific Ocean,19.63,35.47,1.23,0.051
2020-02-27,Pacific Ocean,19.02,34.58,1.51,0.067
2020-02-28,Pacific Ocean,23.59,34.8,2.27,-0.018
2020-02-29,Pacific Ocean,21.29,34.89,0.7,0.023
2020-03-01,Pacific Ocean,20.29,34.93,1.49,0.015
2020-03-02,Pacific Ocean,18.48,34.6,1.04,-0.113
2020-03-03,Pacific Ocean,15.04,34.92,0.63,0.026
2020-03-04,Pacific Ocean,17.53,34.89,1.2,-0.004
2020-03-05,Pacific Ocean,18.8,34.76,1.91,0.02
2020-03-06,Pacific Ocean,19.66,34.76,1.94,0.024
2020-03-07,Pacific Ocean,16.43,35.22,1.16,0.023
2020-03-08,Pacific Ocean,18.29,35.19,1.51,0.033
2020-03-09,Pacific Ocean,18.2,34.95,1.03,-0.192
2020-03-10,Pacific Ocean,18.29,34.29,1.75,-0.074
2020-03-11,Pacific Ocean,19.44,35.17,2.15,-0.058
2020-03-12,Pacific Ocean,20.14,35.0,2.42,0.091
2020-03-13,Pacific Ocean,17.41,35.11,2.43,-0.128
2020-03-14,Pacific Ocean,18.82,35.65,1.86,-0.101
2020-03-15,Pacific Ocean,17.27,34.61,0.41,-0.137
2020-03-16,Pacific Ocean,19.4,35.48,1.01,-0.143
2020-03-17,Pacific Ocean,15.08,33.51,2.43,-0.023
2020-03-18,Pacific Ocean,16.11,35.06,0.58,-0.018
2020-03-19,Pacific Ocean,19.49,34.34,0.54,-0.03
2020-03-20,Pacific Ocean,23.35,34.96,1.8,-0.156
2020-03-21,Pacific Ocean,19.11,35.2,1.73,-0.058
2020-03-22,Pacific Ocean,19.47,34.69,2.01,-0.048
2020-03-23,Pacific Ocean,22.54,35.76,0.54,0.148
2020-03-24,Pacific Ocean,16.45,34.81,2.18,0.076
2020-03-25,Pacific Ocean,16.61,35.99,0.95,-0.014
2020-03-26,Pacific Ocean,18.07,35.2,0.64,-0.034
2020-03-27,Pacific Ocean,17.74,34.44,2.28,0.093
2020-03-28,Pacific Ocean,20.45,35.93,0.29,-0.089
2020-03-29,Pacific Ocean,16.3,35.67,2.02,0.242
2020-03-30,Pacific Ocean,17.83,34.57,1.28,-0.119
2020-03-31,Pacific Ocean,17.42,34.5,0.67,0.176
2020-04-01,Pacific Ocean,20.07,34.87,1.94,0.088
2020-04-02,Pacific Ocean,18.58,34.65,0.63,0.164
2020-04-03,Pacific Ocean,17.42,34.94,0.86,-0.018
2020-04-04,Pacific Ocean,17.4,34.64,0.69,-0.099
2020-04-05,Pacific Ocean,18.69,35.07,1.6,-0.099
2020-04-06,Pacific Ocean,17.71,35.68,1.25,0.006
2020-04-07,Pacific Ocean,19.98,34.86,2.3,-0.096
2020-04-08,Pacific Ocean,21.96,35.16,0.57,-0.067
2020-04-09,Pacific Ocean,21.16,34.9,1.53,-0.032
2020-04-10,Pacific Ocean,19.12,34.85,0.31,-0.079
2020-04-11,Pacific Ocean,19.01,34.9,2.46,-0.094
2020-04-12,Pacific Ocean,20.57,34.41,1.39,0.033
2020-04-13,Pacific Ocean,17.47,34.83,0.61,-0.088
2020-04-14,Pacific Ocean,17.64,35.33,1.37,-0.015
2020-04-15,Pacific Ocean,17.13,35.52,0.7,0.04
2020-04-16,Pacific Ocean,14.8,34.14,1.74,-0.032
2020-04-17,Pacific Ocean,17.09,35.07,2.38,-0.049
2020-04-18,Pacific Ocean,17.51,34.53,1.99,0.023
2020-04-19,Pacific Ocean,19.72,34.8,1.87,-0.107
2020-04-20,Pacific Ocean,18.78,35.0,2.06,0.099
2020-04-21,Pacific Ocean,19.91,35.74,2.17,-0.057
2020-04-22,Pacific Ocean,19.18,34.19,1.88,-0.112
2020-04-23,Pacific Ocean,20.0,34.78,0.9,-0.058
2020-04-24,Pacific Ocean,19.81,35.06,2.14,0.037
2020-04-25,Pacific Ocean,15.55,34.28,0.32,0.058
2020-04-26,Pacific Ocean,18.52,35.64,1.05,0.103
2020-04-27,Pacific Ocean,14.58,34.99,0.39,0.031
2020-04-28,Pacific Ocean,20.11,35.57,0.79,0.036
2020-04-29,Pacific Ocean,18.46,34.64,0.69,0.14
2020-04-30,Pacific Ocean,14.86,35.1,1.96,-0.01
2020-05-01,Pacific Ocean,20.29,34.92,0.14,-0.107
2020-05-02,Pacific Ocean,18.57,34.74,0.52,-0.093
2020-05-03,Pacific Ocean,19.49,35.68,1.21,-0.095
2020-05-04,Pacific Ocean,17.7,35.66,2.15,-0.053
2020-05-05,Pacific Ocean,24.06,35.46,1.74,0.045
2020-05-06,Pacific Ocean,16.62,34.67,2.48,-0.085
2020-05-07,Pacific Ocean,19.59,35.18,0.24,0.217
2020-05-08,Pacific Ocean,18.04,34.77,1.08,0.031
2020-05-09,Pacific Ocean,16.92,34.09,1.59,-0.079
2020-05-10,Pacific Ocean,16.9,34.56,0.9,-0.2
2020-05-11,Pacific Ocean,18.18,35.3,1.76,0.093
2020-05-12,Pacific Ocean,18.06,34.64,1.91,0.071
2020-05-13,Pacific Ocean,20.01,35.67,1.48,0.075
2020-05-14,Pacific Ocean,17.84,35.06,0.72,-0.191
2020-05-15,Pacific Ocean,18.97,35.12,2.33,0.224
2020-05-16,Pacific Ocean,22.24,34.68,0.88,-0.053
2020-05-17,Pacific Ocean,20.36,35.96,2.01,0.048
2020-05-18,Pacific Ocean,23.47,35.36,0.94,-0.094
2020-05-19,Pacific Ocean,18.58,35.16,0.91,0.019
2020-05-20,Pacific Ocean,18.63,35.84,1.95,0.066
2020-05-21,Pacific Ocean,23.64,34.56,0.49,0.081
2020-05-22,Pacific Ocean,18.1,35.48,1.15,-0.031
2020-05-23,Pacific Ocean,19.09,35.58,1.4,-0.097
2020-05-24,Pacific Ocean,19.16,35.08,1.61,0.007
2020-05-25,Pacific Ocean,17.44,35.4,1.12,-0.019
2020-05-26,Pacific Ocean,20.14,34.7,0.62,0.087
2020-05-27,Pacific Ocean,15.73,35.44,1.49,0.077
2020-05-28,Pacific Ocean,17.48,35.92,2.23,-0.013
2020-05-29,Pacific Ocean,18.61,35.1,2.11,-0.015
2020-05-30,Pacific Ocean,19.22,34.87,1.0,0.112
2020-05-31,Pacific Ocean,17.77,34.83,1.63,-0.138
2020-06-01,Pacific Ocean,19.76,34.61,1.39,0.133
2020-06-02,Pacific Ocean,18.51,34.8,1.11,-0.112
2020-06-03,Pacific Ocean,16.76,35.71,2.33,0.048
2020-06-04,Pacific Ocean,16.97,34.64,1.38,-0.066
2020-06-05,Pacific Ocean,16.92,35.48,2.34,-0.148
2020-06-06,Pacific Ocean,21.12,35.22,1.51,-0.017
2020-06-07,Pacific Ocean,20.47,36.22,1.86,-0.124
2020-06-08,Pacific Ocean,19.58,34.41,0.17,0.008
2020-06-09,Pacific Ocean,20.21,35.52,1.92,0.022
2020-06-10,Pacific Ocean,18.1,35.31,1.49,0.069
2020-06-11,Pacific Ocean,17.18,35.45,1.58,0.01
2020-06-12,Pacific Ocean,21.65,35.15,1.98,-0.033
2020-06-13,Pacific Ocean,18.67,34.77,0.91,-0.061
2020-06-14,Pacific Ocean,18.66,34.85,1.59,0.018
2020-06-15,Pacific Ocean,20.33,35.24,1.88,-0.258
2020-06-16,Pacific Ocean,20.31,34.43,1.55,-0.155
2020-06-17,Pacific Ocean,18.61,35.25,0.52,0.063
2020-06-18,Pacific Ocean,18.8,35.75,1.9,-0.018
2020-06-19,Pacific Ocean,21.11,35.75,0.61,-0.055
2020-06-20,Pacific Ocean,20.18,34.95,0.87,0.015
2020-06-21,Pacific Ocean,20.44,35.19,0.46,-0.012
2020-06-22,Pacific Ocean,18.04,34.72,1.39,0.034
2020-06-23,Pacific Ocean,17.74,35.34,0.85,-0.025
2020-06-24,Pacific Ocean,17.5,34.82,1.68,0.023
2020-06-25,Pacific Ocean,18.74,35.95,0.75,0.11
2020-06-26,Pacific Ocean,19.84,34.58,0.59,0.081
2020-06-27,Pacific Ocean,16.68,34.72,1.68,-0.036
2020-06-28,Pacific Ocean,17.46,34.09,0.57,0.136
2020-06-29,Pacific Ocean,19.01,34.63,1.78,0.222
2020-06-30,Pacific Ocean,18.17,35.31,1.78,-0.007
2020-07-01,Pacific Ocean,18.33,34.88,0.82,-0.133
2020-07-02,Pacific Ocean,20.31,35.03,1.89,0.116
2020-07-03,Pacific Ocean,18.6,35.61,1.39,-0.165
2020-07-04,Pacific Ocean,20.53,34.21,1.13,0.067
2020-07-05,Pacific Ocean,20.08,34.52,1.16,0.062
2020-07-06,Pacific Ocean,21.91,34.78,1.05,0.006
2020-07-07,Pacific Ocean,18.63,35.86,0.44,-0.158
2020-07-08,Pacific Ocean,20.04,34.78,0.19,0.006
2020-07-09,Pacific Ocean,18.65,34.93,1.11,0.228
2020-07-10,Pacific Ocean,21.14,35.17,0.32,-0.142
2020-07-11,Pacific Ocean,19.9,35.28,1.21,-0.06
2020-07-12,Pacific Ocean,20.49,35.1,1.77,-0.085
2020-07-13,Pacific Ocean,18.76,34.42,1.06,0.043
2020-07-14,Pacific Ocean,20.78,35.01,1.15,-0.005
2020-07-15,Pacific Ocean,19.04,34.19,2.4,-0.102
2020-07-16,Pacific Ocean,22.8,34.48,0.88,-0.089
2020-07-17,Pacific Ocean,17.99,35.29,2.09,-0.087
2020-07-18,Pacific Ocean,18.33,34.97,2.43,-0.282
2020-07-19,Pacific Ocean,16.03,35.03,0.52,-0.071
2020-07-20,Pacific Ocean,19.54,34.69,0.41,0.042
2020-07-21,Pacific Ocean,22.86,35.21,2.13,-0.023
2020-07-22,Pacific Ocean,20.48,34.54,1.77,0.02
2020-07-23,Pacific Ocean,24.34,35.01,0.24,0.036
2020-07-24,Pacific Ocean,22.6,34.6,1.2,0.055
2020-07-25,Pacific Ocean,19.49,34.91,2.42,0.187
2020-07-26,Pacific Ocean,21.49,34.26,0.43,-0.043
2020-07-27,Pacific Ocean,21.09,35.08,2.25,-0.07
2020-07-28,Pacific Ocean,20.66,34.48,1.14,-0.197
2020-07-29,Pacific Ocean,20.42,34.86,0.42,-0.009
2020-07-30,Pacific Ocean,16.9,34.8,2.16,-0.043
2020-07-31,Pacific Ocean,19.34,34.9,2.09,0.08
2020-08-01,Pacific Ocean,21.09,35.3,1.59,-0.067
2020-08-02,Pacific Ocean,19.11,34.9,1.71,-0.297
2020-08-03,Pacific Ocean,18.95,34.75,2.25,0.01
2020-08-04,Pacific Ocean,21.17,35.35,1.12,-0.108
2020-08-05,Pacific Ocean,22.38,34.21,1.53,-0.124
2020-08-06,Pacific Ocean,19.62,35.09,2.26,0.087
2020-08-07,Pacific Ocean,20.58,34.57,0.29,0.018
2020-08-08,Pacific Ocean,19.86,35.62,0.8,0.03
2020-08-09,Pacific Ocean,19.73,36.21,1.29,0.029
2020-08-10,Pacific Ocean,21.33,33.68,0.33,-0.062
2020-08-11,Pacific Ocean,16.8,35.31,2.34,0.158
2020-08-12,Pacific Ocean,20.59,34.87,0.54,0.198
2020-08-13,Pacific Ocean,19.95,34.34,0.37,0.092
2020-08-14,Pacific Ocean,21.75,34.52,0.35,0.009
2020-08-15,Pacific Ocean,19.21,33.87,1.01,0.01
2020-08-16,Pacific Ocean,21.52,35.02,0.74,-0.109
2020-08-17,Pacific Ocean,19.22,34.33,1.24,0.039
2020-08-18,Pacific Ocean,20.58,34.37,0.62,-0.034
2020-08-19,Pacific Ocean,19.57,35.06,1.78,-0.045
2020-08-20,Pacific Ocean,18.25,34.43,0.88,0.106
2020-08-21,Pacific Ocean,18.83,34.27,1.33,0.131
2020-08-22,Pacific Ocean,19.92,34.25,1.71,0.16
2020-08-23,Pacific Ocean,17.79,35.88,0.73,0.169
2020-08-24,Pacific Ocean,21.82,34.78,0.12,-0.115
2020-08-25,Pacific Ocean,20.6,35.16,0.54,0.095
2020-08-26,Pacific Ocean,20.36,35.14,1.75,0.112
2020-08-27,Pacific Ocean,17.76,35.25,0.28,0.062
2020-08-28,Pacific Ocean,25.34,35.15,2.11,-0.06
2020-08-29,Pacific Ocean,20.57,35.06,2.35,0.148
2020-08-30,Pacific Ocean,20.72,34.9,0.18,0.042
2020-08-31,Pacific Ocean,21.83,34.44,2.35,0.016
2020-09-01,Pacific Ocean,15.37,35.13,2.19,0.002
2020-09-02,Pacific Ocean,20.5,35.41,0.82,-0.008
2020-09-03,Pacific Ocean,21.04,35.08,0.85,-0.059
2020-09-04,Pacific Ocean,19.47,34.51,2.48,-0.244
2020-09-05,Pacific Ocean,19.57,34.94,1.42,-0.006
2020-09-06,Pacific Ocean,20.71,34.72,1.03,0.13
2020-09-07,Pacific Ocean,18.57,34.6,0.83,-0.053
2020-09-08,Pacific Ocean,19.66,34.65,1.34,-0.172
2020-09-09,Pacific Ocean,25.45,35.53,2.32,-0.059
2020-09-10,Pacific Ocean,19.77,34.24,2.04,0.03
2020-09-11,Pacific Ocean,20.3,34.99,1.15,-0.009
2020-09-12,Pacific Ocean,18.72,34.26,2.16,-0.075
2020-09-13,Pacific Ocean,21.71,34.74,0.67,0.008
2020-09-14,Pacific Ocean,22.14,34.78,1.47,-0.014
2020-09-15,Pacific Ocean,22.52,35.26,0.89,0.099
2020-09-16,Pacific Ocean,21.1,35.3,1.38,-0.072
2020-09-17,Pacific Ocean,22.22,35.33,0.95,0.045
2020-09-18,Pacific Ocean,19.64,35.32,2.34,0.162
2020-09-19,Pacific Ocean,23.71,34.47,2.23,0.061
2020-09-20,Pacific Ocean,19.47,35.35,1.9,0.063
2020-09-21,Pacific Ocean,21.5,34.92,1.06,-0.066
2020-09-22,Pacific Ocean,19.85,34.4,0.47,0.037
2020-09-23,Pacific Ocean,20.67,35.59,1.28,0.097
2020-09-24,Pacific Ocean,19.2,34.82,1.58,0.14
2020-09-25,Pacific Ocean,20.19,34.93,1.57,-0.033
2020-09-26,Pacific Ocean,21.55,34.5,1.38,-0.031
2020-09-27,Pacific Ocean,19.41,35.29,1.18,-0.008
2020-09-28,Pacific Ocean,18.1,35.1,0.82,0.14
2020-09-29,Pacific Ocean,17.28,35.29,0.12,0.171
2020-09-30,Pacific Ocean,17.4,34.93,1.86,-0.262
2020-10-01,Pacific Ocean,19.27,35.59,1.94,-0.008
2020-10-02,Pacific Ocean,22.13,36.06,1.38,0.216
2020-10-03,Pacific Ocean,20.53,35.54,1.34,0.091
2020-10-04,Pacific Ocean,22.1,34.98,0.38,-0.181
2020-10-05,Pacific Ocean,19.17,34.81,1.5,0.069
2020-10-06,Pacific Ocean,18.58,34.72,1.17,0.077
2020-10-07,Pacific Ocean,18.36,35.1,2.43,0.114
2020-10-08,Pacific Ocean,20.43,34.86,0.59,0.042
2020-10-09,Pacific Ocean,16.58,35.11,1.1,0.001
2020-10-10,Pacific Ocean,19.31,34.29,1.36,-0.038
2020-10-11,Pacific Ocean,22.92,34.93,1.36,-0.031
2020-10-12,Pacific Ocean,22.58,35.13,0.46,0.047
2020-10-13,Pacific Ocean,22.1,35.15,1.45,-0.049
2020-10-14,Pacific Ocean,19.76,35.76,1.2,0.201
2020-10-15,Pacific Ocean,21.78,35.07,1.56,-0.097
2020-10-16,Pacific Ocean,17.87,35.05,0.96,0.125
2020-10-17,Pacific Ocean,19.15,34.76,2.22,-0.129
2020-10-18,Pacific Ocean,21.23,35.28,0.34,0.032
2020-10-19,Pacific Ocean,19.61,34.49,0.22,-0.082
2020-10-20,Pacific Ocean,23.24,35.22,0.31,0.109
2020-10-21,Pacific Ocean,21.92,35.17,0.72,-0.061
2020-10-22,Pacific Ocean,19.8,35.54,0.96,-0.24
2020-10-23,Pacific Ocean,18.39,35.41,0.9,-0.032
2020-10-24,Pacific Ocean,17.83,34.65,1.07,-0.076
2020-10-25,Pacific Ocean,19.21,34.7,1.88,0.082
2020-10-26,Pacific Ocean,19.23,35.6,1.42,0.048
2020-10-27,Pacific Ocean,18.68,35.1,1.66,-0.038
2020-10-28,Pacific Ocean,18.96,35.44,1.72,0.076
2020-10-29,Pacific Ocean,18.42,35.13,0.9,0.134
2020-10-30,Pacific Ocean,19.18,35.42,1.97,-0.024
2020-10-31,Pacific Ocean,22.08,34.57,1.25,-0.159
2020-11-01,Pacific Ocean,20.77,34.58,1.92,0.117
2020-11-02,Pacific Ocean,19.21,34.13,2.24,0.014
2020-11-03,Pacific Ocean,17.73,34.88,2.4,0.006
2020-11-04,Pacific Ocean,21.93,36.0,0.98,0.222
2020-11-05,Pacific Ocean,24.23,34.35,0.14,0.028
2020-11-06,Pacific Ocean,21.26,34.86,1.99,0.115
2020-11-07,Pacific Ocean,19.92,35.0,0.28,0.043
2020-11-08,Pacific Ocean,18.83,34.8,1.45,0.109
2020-11-09,Pacific Ocean,20.91,34.95,0.81,-0.065
2020-11-10,Pacific Ocean,22.99,34.65,0.28,-0.078
2020-11-11,Pacific Ocean,20.01,34.59,0.47,0.027
2020-11-12,Pacific Ocean,19.01,35.33,0.28,0.007
2020-11-13,Pacific Ocean,18.61,35.07,0.61,0.085
2020-11-14,Pacific Ocean,20.66,35.5,0.67,0.061
2020-11-15,Pacific Ocean,20.3,34.55,0.94,0.003
2020-11-16,Pacific Ocean,17.44,34.76,1.7,-0.029
2020-11-17,Pacific Ocean,19.25,35.42,0.18,0.069
2020-11-18,Pacific Ocean,20.44,35.15,0.43,0.029
2020-11-19,Pacific Ocean,19.84,35.53,1.88,0.051
2020-11-20,Pacific Ocean,15.97,35.03,1.57,0.09
2020-11-21,Pacific Ocean,20.38,34.67,0.91,-0.005
2020-11-22,Pacific Ocean,21.19,35.05,2.27,0.13
2020-11-23,Pacific Ocean,19.4,34.83,1.2,-0.005
2020-11-24,Pacific Ocean,20.35,34.43,0.32,-0.087
2020-11-25,Pacific Ocean,16.38,34.93,1.45,-0.061
2020-11-26,Pacific Ocean,20.92,34.67,1.64,0.013
2020-11-27,Pacific Ocean,21.62,34.89,1.95,0.019
2020-11-28,Pacific Ocean,23.89,35.13,2.11,-0.052
2020-11-29,Pacific Ocean,19.47,35.13,0.43,0.045
2020-11-30,Pacific Ocean,19.59,34.73,0.93,0.039
2020-12-01,Pacific Ocean,21.21,34.98,1.54,0.185
2020-12-02,Pacific Ocean,16.76,34.85,0.56,-0.044
2020-12-03,Pacific Ocean,17.84,35.22,2.04,0.289
2020-12-04,Pacific Ocean,21.2,34.38,1.14,-0.112
2020-12-05,Pacific Ocean,19.95,34.81,1.61,-0.031
2020-12-06,Pacific Ocean,20.14,34.57,0.74,-0.031
2020-12-07,Pacific Ocean,23.86,34.98,1.5,0.109
2020-12-08,Pacific Ocean,18.44,34.49,0.66,0.069
2020-12-09,Pacific Ocean,20.69,35.38,1.62,0.082
2020-12-10,Pacific Ocean,20.96,34.03,1.46,-0.185
2020-12-11,Pacific Ocean,24.55,34.43,0.8,0.059
2020-12-12,Pacific Ocean,18.08,34.6,0.81,-0.011
2020-12-13,Pacific Ocean,19.7,35.03,0.29,0.035
2020-12-14,Pacific Ocean,21.57,34.7,0.28,0.127
2020-12-15,Pacific Ocean,20.24,34.73,0.75,-0.036
2020-12-16,Pacific Ocean,18.6,34.63,1.64,0.055
2020-12-17,Pacific Ocean,21.11,34.1,1.96,-0.078
2020-12-18,Pacific Ocean,22.61,34.38,0.98,0.055
2020-12-19,Pacific Ocean,20.76,34.59,2.49,0.057
2020-12-20,Pacific Ocean,19.01,34.2,1.13,0.08
2020-12-21,Pacific Ocean,18.55,34.97,0.48,-0.086
2020-12-22,Pacific Ocean,19.49,34.57,0.12,0.093
2020-12-23,Pacific Ocean,19.83,35.42,0.7,0.028
2020-12-24,Pacific Ocean,20.1,35.55,0.94,0.005
2020-12-25,Pacific Ocean,23.26,33.95,1.61,-0.094
2020-12-26,Pacific Ocean,19.63,35.67,0.32,0.181
2020-12-27,Pacific Ocean,18.39,34.92,1.87,0.091
2020-12-28,Pacific Ocean,17.67,35.41,0.94,-0.016
2020-12-29,Pacific Ocean,22.77,35.56,0.77,-0.031
2020-12-30,Pacific Ocean,20.42,36.0,1.35,0.137
2020-01-01,Atlantic Ocean,17.92,34.77,2.16,0.083
2020-01-02,Atlantic Ocean,18.9,35.23,1.95,-0.003
2020-01-03,Atlantic Ocean,15.92,35.9,0.31,0.106
2020-01-04,Atlantic Ocean,13.77,34.77,2.14,-0.187
2020-01-05,Atlantic Ocean,16.47,34.89,0.59,0.227
2020-01-06,Atlantic Ocean,13.73,35.01,0.53,-0.079
2020-01-07,Atlantic Ocean,19.04,34.91,0.46,0.027
2020-01-08,Atlantic Ocean,17.95,34.57,2.39,-0.046
2020-01-09,Atlantic Ocean,14.49,34.71,1.18,-0.03
2020-01-10,Atlantic Ocean,18.01,34.94,2.16,-0.135
2020-01-11,Atlantic Ocean,17.01,35.62,1.97,-0.112
2020-01-12,Atlantic Ocean,17.92,35.11,0.21,0.161
2020-01-13,Atlantic Ocean,15.72,35.2,0.32,-0.1
2020-01-14,Atlantic Ocean,18.34,35.04,1.59,0.001
2020-01-15,Atlantic Ocean,13.71,34.49,0.9,0.038
2020-01-16,Atlantic Ocean,16.7,34.89,0.48,-0.143
2020-01-17,Atlantic Ocean,16.23,34.18,1.73,0.01
2020-01-18,Atlantic Ocean,14.44,34.95,0.93,0.019
2020-01-19,Atlantic Ocean,18.48,34.26,1.04,0.049
2020-01-20,Atlantic Ocean,16.34,35.96,1.73,-0.045
2020-01-21,Atlantic Ocean,17.95,34.68,1.51,-0.074
2020-01-22,Atlantic Ocean,17.42,35.88,1.87,-0.032
2020-01-23,Atlantic Ocean,14.33,34.37,0.55,0.009
2020-01-24,Atlantic Ocean,15.26,35.02,1.09,-0.21
2020-01-25,Atlantic Ocean,18.25,34.85,1.08,-0.099
2020-01-26,Atlantic Ocean,11.96,34.11,1.81,-0.02
2020-01-27,Atlantic Ocean,16.18,35.2,0.12,0.067
2020-01-28,Atlantic Ocean,14.09,34.54,1.32,-0.102
2020-01-29,Atlantic Ocean,13.25,35.16,0.59,0.027
2020-01-30,Atlantic Ocean,17.72,35.91,0.48,-0.014
2020-01-31,Atlantic Ocean,15.62,35.24,2.47,0.106
2020-02-01,Atlantic Ocean,17.28,34.67,1.63,0.082
2020-02-02,Atlantic Ocean,15.3,34.64,1.52,-0.067
2020-02-03,Atlantic Ocean,13.93,35.16,0.47,0.053
2020-02-04,Atlantic Ocean,15.51,35.47,1.56,-0.048
2020-02-05,Atlantic Ocean,17.85,34.81,0.89,0.025
2020-02-06,Atlantic Ocean,17.18,35.69,0.28,0.067
2020-02-07,Atlantic Ocean,15.37,34.98,1.04,-0.131
2020-02-08,Atlantic Ocean,17.37,35.05,1.78,-0.166
2020-02-09,Atlantic Ocean,20.27,35.02,0.66,-0.055
2020-02-10,Atlantic Ocean,16.16,34.88,1.69,-0.035
2020-02-11,Atlantic Ocean,15.07,34.63,1.72,0.076
2020-02-12,Atlantic Ocean,18.16,34.72,2.06,0.017
2020-02-13,Atlantic Ocean,14.0,34.7,1.2,0.223
2020-02-14,Atlantic Ocean,13.07,35.0,2.21,0.082
2020-02-15,Atlantic Ocean,17.72,35.04,1.61,-0.062
2020-02-16,Atlantic Ocean,14.56,35.41,1.02,-0.134
2020-02-17,Atlantic Ocean,16.03,34.67,0.61,-0.021
2020-02-18,Atlantic Ocean,16.51,34.69,0.22,0.053
2020-02-19,Atlantic Ocean,19.07,35.91,1.39,0.094
2020-02-20,Atlantic Ocean,12.63,35.14,0.77,-0.041
2020-02-21,Atlantic Ocean,14.83,35.26,1.02,0.025
2020-02-22,Atlantic Ocean,18.08,35.16,0.54,-0.142
2020-02-23,Atlantic Ocean,16.21,34.81,0.45,0.063
2020-02-24,Atlantic Ocean,17.56,34.74,1.81,-0.03
2020-02-25,Atlantic Ocean,14.74,34.37,2.23,0.052
2020-02-26,Atlantic Ocean,16.3,35.0,1.3,0.018
2020-02-27,Atlantic Ocean,18.22,35.24,2.3,0.065
2020-02-28,Atlantic Ocean,17.56,34.05,1.16,-0.038
2020-02-29,Atlantic Ocean,18.62,34.32,1.56,-0.131
2020-03-01,Atlantic Ocean,15.63,35.58,1.07,-0.122
2020-03-02,Atlantic Ocean,14.31,35.02,2.31,-0.043
2020-03-03,Atlantic Ocean,17.42,35.08,0.77,0.014
2020-03-04,Atlantic Ocean,13.62,35.2,1.43,-0.08
2020-03-05,Atlantic Ocean,16.34,35.05,2.12,0.004
2020-03-06,Atlantic Ocean,12.5,34.6,1.92,-0.154
2020-03-07,Atlantic Ocean,18.4,34.73,1.39,-0.079
2020-03-08,Atlantic Ocean,15.04,35.34,0.14,-0.019
2020-03-09,Atlantic Ocean,17.67,35.35,2.47,0.168
2020-03-10,Atlantic Ocean,14.96,34.92,1.1,-0.162
2020-03-11,Atlantic Ocean,14.5,35.09,0.58,-0.051
2020-03-12,Atlantic Ocean,21.61,35.28,2.22,0.072
2020-03-13,Atlantic Ocean,19.79,34.28,1.13,0.061
2020-03-14,Atlantic Ocean,16.65,34.62,2.17,-0.161
2020-03-15,Atlantic Ocean,18.92,34.96,0.14,0.004
2020-03-16,Atlantic Ocean,19.32,34.58,1.94,-0.102
2020-03-17,Atlantic Ocean,17.35,34.83,0.56,-0.158
2020-03-18,Atlantic Ocean,17.57,35.54,0.24,0.062
2020-03-19,Atlantic Ocean,13.85,34.28,1.54,0.07
2020-03-20,Atlantic Ocean,18.32,35.48,2.24,-0.244
2020-03-21,Atlantic Ocean,15.77,34.36,0.77,0.01
2020-03-22,Atlantic Ocean,19.48,34.78,2.06,-0.017
2020-03-23,Atlantic Ocean,14.56,35.16,0.49,0.177
2020-03-24,Atlantic Ocean,17.8,34.77,0.5,-0.028
2020-03-25,Atlantic Ocean,16.07,35.47,1.03,0.107
2020-03-26,Atlantic Ocean,14.22,34.91,0.57,0.093
2020-03-27,Atlantic Ocean,16.11,34.28,1.55,0.012
2020-03-28,Atlantic Ocean,13.34,34.59,0.8,-0.051
2020-03-29,Atlantic Ocean,15.67,34.46,1.9,0.071
2020-03-30,Atlantic Ocean,21.85,35.43,1.67,-0.012
2020-03-31,Atlantic Ocean,14.38,35.17,1.31,0.077
2020-04-01,Atlantic Ocean,15.49,35.12,0.92,0.096
2020-04-02,Atlantic Ocean,17.8,35.17,0.53,0.011
2020-04-03,Atlantic Ocean,17.04,35.75,2.17,0.15
2020-04-04,Atlantic Ocean,16.75,35.44,0.97,0.014
2020-04-05,Atlantic Ocean,19.0,34.3,1.65,0.092
2020-04-06,Atlantic Ocean,16.61,35.1,2.17,0.151
2020-04-07,Atlantic Ocean,15.99,35.3,2.37,-0.038
2020-04-08,Atlantic Ocean,16.87,34.58,2.02,-0.034
2020-04-09,Atlantic Ocean,12.95,35.89,0.25,-0.096
2020-04-10,Atlantic Ocean,16.86,36.01,0.69,0.078
2020-04-11,Atlantic Ocean,16.81,34.98,1.77,0.098
2020-04-12,Atlantic Ocean,20.04,35.06,1.17,0.022
2020-04-13,Atlantic Ocean,16.67,35.13,1.83,0.052
2020-04-14,Atlantic Ocean,15.63,33.9,0.32,0.125
2020-04-15,Atlantic Ocean,17.43,35.18,0.91,-0.053
2020-04-16,Atlantic Ocean,15.58,34.71,2.36,0.119
2020-04-17,Atlantic Ocean,18.91,35.7,2.49,0.068
2020-04-18,Atlantic Ocean,16.24,35.53,0.6,-0.159
2020-04-19,Atlantic Ocean,13.86,35.29,0.32,0.086
2020-04-20,Atlantic Ocean,18.67,35.06,1.39,-0.02
2020-04-21,Atlantic Ocean,13.49,35.83,1.49,0.047
2020-04-22,Atlantic Ocean,15.97,34.73,1.35,0.058
2020-04-23,Atlantic Ocean,17.44,35.09,2.0,0.163
2020-04-24,Atlantic Ocean,18.4,34.26,2.16,0.139
2020-04-25,Atlantic Ocean,17.74,35.87,0.84,-0.043
2020-04-26,Atlantic Ocean,17.33,35.21,1.03,-0.019
2020-04-27,Atlantic Ocean,16.62,35.76,2.05,0.014
2020-04-28,Atlantic Ocean,16.63,36.06,2.43,-0.066
2020-04-29,Atlantic Ocean,20.94,34.02,1.58,-0.174
2020-04-30,Atlantic Ocean,14.18,36.0,1.6,-0.104
2020-05-01,Atlantic Ocean,18.08,34.52,2.3,-0.06
2020-05-02,Atlantic Ocean,16.88,34.54,1.19,-0.147
2020-05-03,Atlantic Ocean,17.17,35.24,2.13,-0.013
2020-05-04,Atlantic Ocean,16.91,36.21,2.12,-0.036
2020-05-05,Atlantic Ocean,16.21,34.61,1.85,-0.071
2020-05-06,Atlantic Ocean,18.37,35.11,1.92,-0.1
2020-05-07,Atlantic Ocean,17.61,34.69,2.42,0.053
2020-05-08,Atlantic Ocean,16.38,35.3,0.95,0.016
2020-05-09,Atlantic Ocean,19.8,34.52,1.88,-0.005
2020-05-10,Atlantic Ocean,17.1,34.9,2.15,0.038
2020-05-11,Atlantic Ocean,17.06,35.04,0.99,-0.002
2020-05-12,Atlantic Ocean,21.07,34.48,1.93,-0.077
2020-05-13,Atlantic Ocean,15.56,35.36,1.37,-0.018
2020-05-14,Atlantic Ocean,18.46,35.21,1.73,0.035
2020-05-15,Atlantic Ocean,18.41,34.84,1.27,-0.059
2020-05-16,Atlantic Ocean,17.13,34.74,1.5,-0.02
2020-05-17,Atlantic Ocean,19.36,34.95,1.09,0.197
2020-05-18,Atlantic Ocean,19.82,34.86,1.73,0.055
2020-05-19,Atlantic Ocean,16.33,34.97,0.58,0.041
2020-05-20,Atlantic Ocean,19.16,34.58,0.44,0.045
2020-05-21,Atlantic Ocean,15.1,35.05,1.84,0.015
2020-05-22,Atlantic Ocean,15.04,34.5,2.02,0.05
2020-05-23,Atlantic Ocean,17.35,36.05,0.78,-0.088
2020-05-24,Atlantic Ocean,17.68,34.89,1.23,0.16
2020-05-25,Atlantic Ocean,17.41,34.49,1.81,-0.136
2020-05-26,Atlantic Ocean,18.21,35.92,1.85,-0.062
2020-05-27,Atlantic Ocean,19.01,34.99,0.68,0.108
2020-05-28,Atlantic Ocean,15.5,34.65,1.28,-0.183
2020-05-29,Atlantic Ocean,14.71,35.02,2.4,0.032
2020-05-30,Atlantic Ocean,21.48,35.73,0.82,-0.158
2020-05-31,Atlantic Ocean,17.75,34.18,1.9,-0.028
2020-06-01,Atlantic Ocean,17.49,35.63,2.47,-0.046
2020-06-02,Atlantic Ocean,18.02,34.69,0.15,-0.03
2020-06-03,Atlantic Ocean,16.77,35.12,1.32,-0.04
2020-06-04,Atlantic Ocean,18.95,34.55,0.91,-0.025
2020-06-05,Atlantic Ocean,16.62,34.96,2.38,-0.028
2020-06-06,Atlantic Ocean,13.49,34.87,2.22,0.053
2020-06-07,Atlantic Ocean,17.0,34.9,2.18,0.055
2020-06-08,Atlantic Ocean,19.54,35.99,2.03,0.028
2020-06-09,Atlantic Ocean,16.33,35.25,0.18,-0.106
2020-06-10,Atlantic Ocean,19.17,34.94,1.33,0.003
2020-06-11,Atlantic Ocean,20.73,35.76,1.38,-0.059
2020-06-12,Atlantic Ocean,18.49,34.51,2.01,0.147
2020-06-13,Atlantic Ocean,17.83,35.0,0.83,0.028
2020-06-14,Atlantic Ocean,17.46,34.55,0.91,-0.063
2020-06-15,Atlantic Ocean,17.27,34.77,1.27,0.018
2020-06-16,Atlantic Ocean,13.95,36.13,0.33,0.125
2020-06-17,Atlantic Ocean,17.75,35.51,1.6,-0.293
2020-06-18,Atlantic Ocean,19.7,35.33,1.75,0.063
2020-06-19,Atlantic Ocean,14.91,35.91,1.53,-0.131
2020-06-20,Atlantic Ocean,18.25,34.98,1.6,-0.019
2020-06-21,Atlantic Ocean,15.75,35.35,1.98,0.003
2020-06-22,Atlantic Ocean,17.75,34.73,1.78,-0.047
2020-06-23,Atlantic Ocean,16.55,34.99,2.26,0.061
2020-06-24,Atlantic Ocean,19.78,34.9,0.64,-0.04
2020-06-25,Atlantic Ocean,10.13,34.42,2.33,-0.039
2020-06-26,Atlantic Ocean,16.81,35.65,0.91,-0.049
2020-06-27,Atlantic Ocean,16.41,34.86,1.79,0.022
2020-06-28,Atlantic Ocean,19.21,34.91,0.4,0.024
2020-06-29,Atlantic Ocean,14.48,34.6,1.02,-0.017
2020-06-30,Atlantic Ocean,16.47,35.64,0.74,-0.103
2020-07-01,Atlantic Ocean,14.37,35.71,1.19,0.104
2020-07-02,Atlantic Ocean,20.99,35.13,1.73,-0.25
2020-07-03,Atlantic Ocean,18.1,34.85,1.32,0.023
2020-07-04,Atlantic Ocean,15.84,35.0,1.13,-0.136
2020-07-05,Atlantic Ocean,15.39,34.24,1.34,-0.049
2020-07-06,Atlantic Ocean,13.1,34.3,0.84,0.037
2020-07-07,Atlantic Ocean,18.01,34.62,0.26,0.089
2020-07-08,Atlantic Ocean,20.78,35.08,0.52,0.043
2020-07-09,Atlantic Ocean,13.67,35.53,2.43,0.083
2020-07-10,Atlantic Ocean,15.5,35.21,0.61,0.113
2020-07-11,Atlantic Ocean,19.14,35.15,2.13,0.139
2020-07-12,Atlantic Ocean,15.01,35.11,1.51,0.058
2020-07-13,Atlantic Ocean,18.01,34.89,1.09,0.013
2020-07-14,Atlantic Ocean,13.87,34.89,1.72,0.031
2020-07-15,Atlantic Ocean,17.2,34.89,0.6,-0.069
2020-07-16,Atlantic Ocean,21.82,34.77,1.28,0.047
2020-07-17,Atlantic Ocean,20.11,34.98,2.01,-0.056
2020-07-18,Atlantic Ocean,16.47,34.31,1.95,0.017
2020-07-19,Atlantic Ocean,15.88,34.97,2.18,-0.238
2020-07-20,Atlantic Ocean,17.83,35.13,0.73,-0.081
2020-07-21,Atlantic Ocean,16.9,35.37,1.59,-0.038
2020-07-22,Atlantic Ocean,16.51,34.64,0.72,0.014
2020-07-23,Atlantic Ocean,16.94,35.2,1.24,0.05
2020-07-24,Atlantic Ocean,17.07,34.83,2.01,-0.075
2020-07-25,Atlantic Ocean,16.4,34.69,0.36,0.094
2020-07-26,Atlantic Ocean,17.53,35.13,1.82,0.064
2020-07-27,Atlantic Ocean,13.49,34.64,1.61,-0.016
2020-07-28,Atlantic Ocean,16.81,35.1,2.17,-0.087
2020-07-29,Atlantic Ocean,18.54,34.96,1.69,0.1
2020-07-30,Atlantic Ocean,18.95,35.16,0.32,0.08
2020-07-31,Atlantic Ocean,18.91,34.91,0.21,0.079
2020-08-01,Atlantic Ocean,18.64,36.41,0.36,0.124
2020-08-02,Atlantic Ocean,15.01,35.58,1.11,0.044
2020-08-03,Atlantic Ocean,19.01,34.79,2.28,-0.166
2020-08-04,Atlantic Ocean,16.96,34.32,1.45,0.128
2020-08-05,Atlantic Ocean,14.45,34.83,1.76,0.089
2020-08-06,Atlantic Ocean,18.28,34.64,1.67,0.225
2020-08-07,Atlantic Ocean,16.94,35.27,1.54,-0.228
2020-08-08,Atlantic Ocean,19.75,34.84,1.48,-0.075
2020-08-09,Atlantic Ocean,19.75,34.8,1.53,0.071
2020-08-10,Atlantic Ocean,13.76,35.91,1.29,0.052
2020-08-11,Atlantic Ocean,19.99,34.98,1.65,0.076
2020-08-12,Atlantic Ocean,15.75,35.64,1.04,-0.041
2020-08-13,Atlantic Ocean,19.89,34.95,1.49,0.003
2020-08-14,Atlantic Ocean,19.72,36.7,2.32,-0.042
2020-08-15,Atlantic Ocean,14.62,34.3,2.22,0.078
2020-08-16,Atlantic Ocean,16.94,34.09,1.31,0.044
2020-08-17,Atlantic Ocean,21.24,35.61,2.43,0.021
2020-08-18,Atlantic Ocean,15.44,34.16,1.24,0.022
2020-08-19,Atlantic Ocean,18.7,34.98,0.52,0.047
2020-08-20,Atlantic Ocean,18.55,34.83,0.5,0.032
2020-08-21,Atlantic Ocean,17.56,35.97,0.6,-0.049
2020-08-22,Atlantic Ocean,15.8,35.3,0.77,0.12
2020-08-23,Atlantic Ocean,15.06,34.9,0.5,0.127
2020-08-24,Atlantic Ocean,17.26,35.29,2.28,-0.169
2020-08-25,Atlantic Ocean,15.9,34.72,1.55,-0.028
2020-08-26,Atlantic Ocean,16.11,34.88,0.75,0.116
2020-08-27,Atlantic Ocean,17.3,33.86,1.92,-0.223
2020-08-28,Atlantic Ocean,19.69,34.55,1.76,0.003
2020-08-29,Atlantic Ocean,20.39,35.31,0.89,-0.058
2020-08-30,Atlantic Ocean,16.95,34.94,1.72,0.019
2020-08-31,Atlantic Ocean,14.95,35.74,0.62,-0.003
2020-09-01,Atlantic Ocean,17.6,34.52,0.6,-0.112
2020-09-02,Atlantic Ocean,18.93,35.16,1.79,0.121
2020-09-03,Atlantic Ocean,18.21,34.23,1.46,-0.069
2020-09-04,Atlantic Ocean,19.26,34.14,0.18,-0.037
2020-09-05,Atlantic Ocean,18.86,35.66,1.21,-0.09
2020-09-06,Atlantic Ocean,19.56,34.48,2.11,0.015
2020-09-07,Atlantic Ocean,15.31,36.06,0.51,-0.029
2020-09-08,Atlantic Ocean,18.38,34.72,0.8,0.131
2020-09-09,Atlantic Ocean,16.6,34.84,1.94,0.053
2020-09-10,Atlantic Ocean,18.33,34.74,2.21,-0.097
2020-09-11,Atlantic Ocean,16.79,34.52,1.33,-0.007
2020-09-12,Atlantic Ocean,17.37,35.02,1.64,0.076
2020-09-13,Atlantic Ocean,15.97,35.98,0.63,-0.051
2020-09-14,Atlantic Ocean,15.25,35.17,1.32,-0.059
2020-09-15,Atlantic Ocean,15.22,35.13,0.77,0.122
2020-09-16,Atlantic Ocean,17.77,35.58,1.59,0.085
2020-09-17,Atlantic Ocean,18.79,35.77,2.18,0.033
2020-09-18,Atlantic Ocean,19.43,36.63,0.87,-0.023
2020-09-19,Atlantic Ocean,16.28,34.68,1.11,-0.201
2020-09-20,Atlantic Ocean,19.95,34.8,0.71,0.055
2020-09-21,Atlantic Ocean,19.5,35.24,1.03,-0.072
2020-09-22,Atlantic Ocean,17.44,35.3,0.95,0.058
2020-09-23,Atlantic Ocean,15.57,35.05,0.36,0.146
2020-09-24,Atlantic Ocean,23.45,36.16,2.23,-0.015
2020-09-25,Atlantic Ocean,18.24,35.24,0.2,-0.01
2020-09-26,Atlantic Ocean,17.19,35.32,0.99,-0.134
2020-09-27,Atlantic Ocean,18.0,34.45,1.41,-0.127
2020-09-28,Atlantic Ocean,14.58,34.22,1.08,0.175
2020-09-29,Atlantic Ocean,16.11,35.18,1.6,-0.286
2020-09-30,Atlantic Ocean,14.83,34.59,0.41,0.083
2020-10-01,Atlantic Ocean,17.23,34.99,2.14,0.021
2020-10-02,Atlantic Ocean,18.07,35.63,0.48,-0.026
2020-10-03,Atlantic Ocean,17.36,34.55,0.47,0.016
2020-10-04,Atlantic Ocean,17.57,35.18,1.32,0.136
2020-10-05,Atlantic Ocean,19.02,34.88,2.46,-0.059
2020-10-06,Atlantic Ocean,19.79,34.97,1.97,0.003
2020-10-07,Atlantic Ocean,22.3,34.73,1.18,0.089
2020-10-08,Atlantic Ocean,15.7,35.58,0.89,0.097
2020-10-09,Atlantic Ocean,22.42,34.63,0.13,-0.174
2020-10-10,Atlantic Ocean,19.95,35.24,1.33,0.023
2020-10-11,Atlantic Ocean,19.66,34.04,1.62,0.01
2020-10-12,Atlantic Ocean,13.12,34.12,2.08,0.09
2020-10-13,Atlantic Ocean,19.84,35.07,0.36,0.111
2020-10-14,Atlantic Ocean,14.1,34.33,0.24,0.121
2020-10-15,Atlantic Ocean,16.96,34.21,2.2,0.06
2020-10-16,Atlantic Ocean,17.48,34.37,0.67,0.046
2020-10-17,Atlantic Ocean,17.88,35.15,2.18,0.023
2020-10-18,Atlantic Ocean,20.42,35.5,1.35,-0.062
2020-10-19,Atlantic Ocean,16.82,34.22,0.33,-0.053
2020-10-20,Atlantic Ocean,15.55,34.32,0.37,0.038
2020-10-21,Atlantic Ocean,19.71,35.53,1.84,-0.2
2020-10-22,Atlantic Ocean,18.62,35.34,1.62,0.079
2020-10-23,Atlantic Ocean,22.42,35.45,2.43,-0.077
2020-10-24,Atlantic Ocean,16.89,34.7,2.4,0.212
2020-10-25,Atlantic Ocean,15.71,34.85,2.29,0.094
2020-10-26,Atlantic Ocean,15.92,35.02,0.21,0.008
2020-10-27,Atlantic Ocean,16.55,34.57,0.39,0.034
2020-10-28,Atlantic Ocean,19.27,35.44,0.32,0.004
2020-10-29,Atlantic Ocean,15.72,33.58,1.07,0.088
2020-10-30,Atlantic Ocean,15.55,34.5,2.42,-0.174
2020-10-31,Atlantic Ocean,17.93,35.04,1.05,0.148
2020-11-01,Atlantic Ocean,18.64,34.82,1.82,0.028
2020-11-02,Atlantic Ocean,14.74,34.41,2.01,-0.035
2020-11-03,Atlantic Ocean,20.86,34.03,1.26,0.25
2020-11-04,Atlantic Ocean,20.28,34.55,0.9,0.052
2020-11-05,Atlantic Ocean,17.7,34.35,2.45,0.035
2020-11-06,Atlantic Ocean,16.89,35.35,1.14,0.039
2020-11-07,Atlantic Ocean,15.46,34.38,2.15,-0.051
2020-11-08,Atlantic Ocean,18.95,34.15,2.2,0.219
2020-11-09,Atlantic Ocean,16.42,34.34,0.42,0.007
2020-11-10,Atlantic Ocean,18.52,35.63,1.42,-0.13
2020-11-11,Atlantic Ocean,18.69,34.32,2.02,-0.057
2020-11-12,Atlantic Ocean,16.96,35.69,0.76,0.077
2020-11-13,Atlantic Ocean,20.65,35.86,1.24,0.022
2020-11-14,Atlantic Ocean,19.41,34.39,0.48,0.016
2020-11-15,Atlantic Ocean,16.25,34.43,0.2,-0.039
2020-11-16,Atlantic Ocean,21.34,34.85,1.13,0.054
2020-11-17,Atlantic Ocean,16.69,35.09,1.88,-0.042
2020-11-18,Atlantic Ocean,18.73,35.17,1.69,-0.114
2020-11-19,Atlantic Ocean,17.09,35.89,0.67,0.176
2020-11-20,Atlantic Ocean,17.68,34.07,2.4,-0.124
2020-11-21,Atlantic Ocean,16.65,34.2,0.48,-0.065
2020-11-22,Atlantic Ocean,14.79,34.55,1.27,0.077
2020-11-23,Atlantic Ocean,19.69,34.21,1.86,0.091
2020-11-24,Atlantic Ocean,17.12,34.3,1.28,0.036
2020-11-25,Atlantic Ocean,21.62,33.93,0.73,0.047
2020-11-26,Atlantic Ocean,18.09,35.92,1.48,0.101
2020-11-27,Atlantic Ocean,19.01,35.11,2.09,-0.261
2020-11-28,Atlantic Ocean,17.98,34.74,0.27,0.09
2020-11-29,Atlantic Ocean,18.64,34.99,2.11,0.148
2020-11-30,Atlantic Ocean,20.01,35.58,1.39,0.057
2020-12-01,Atlantic Ocean,16.48,34.67,0.32,-0.109
2020-12-02,Atlantic Ocean,19.74,35.47,0.73,-0.21
2020-12-03,Atlantic Ocean,16.09,33.89,0.43,-0.073
2020-12-04,Atlantic Ocean,21.53,35.36,1.59,0.071
2020-12-05,Atlantic Ocean,18.37,34.4,1.37,0.025
2020-12-06,Atlantic Ocean,21.28,35.14,0.61,-0.009
2020-12-07,Atlantic Ocean,16.35,35.44,0.87,-0.005
2020-12-08,Atlantic Ocean,19.37,34.1,1.27,0.178
2020-12-09,Atlantic Ocean,16.23,35.86,2.31,-0.122
2020-12-10,Atlantic Ocean,17.76,35.55,1.6,-0.042
2020-12-11,Atlantic Ocean,22.17,34.31,0.87,-0.047
2020-12-12,Atlantic Ocean,22.61,35.02,1.82,0.057
2020-12-13,Atlantic Ocean,18.62,34.64,1.16,-0.13
2020-12-14,Atlantic Ocean,21.41,34.03,2.22,0.118
2020-12-15,Atlantic Ocean,19.4,34.7,0.59,0.148
2020-12-16,Atlantic Ocean,16.69,35.28,0.37,0.026
2020-12-17,Atlantic Ocean,17.06,34.43,0.98,-0.064
2020-12-18,Atlantic Ocean,19.91,34.24,1.11,-0.122
2020-12-19,Atlantic Ocean,17.13,35.13,1.24,-0.096
2020-12-20,Atlantic Ocean,21.02,35.66,0.91,-0.08
2020-12-21,Atlantic Ocean,16.99,34.77,1.86,-0.04
2020-12-22,Atlantic Ocean,15.19,34.77,0.42,0.076
2020-12-23,Atlantic Ocean,18.32,34.72,1.76,0.124
2020-12-24,Atlantic Ocean,17.41,34.72,0.87,-0.073
2020-12-25,Atlantic Ocean,17.69,34.92,1.87,0.171
2020-12-26,Atlantic Ocean,20.68,34.83,0.52,0.26
2020-12-27,Atlantic Ocean,15.4,34.89,0.67,0.025
2020-12-28,Atlantic Ocean,18.74,34.65,1.64,-0.001
2020-12-29,Atlantic Ocean,18.08,34.99,0.6,0.169
2020-12-30,Atlantic Ocean,18.58,35.21,1.06,-0.023
2020-01-01,Arctic Ocean,15.68,35.24,1.53,0.016
2020-01-02,Arctic Ocean,15.31,34.82,0.27,0.157
2020-01-03,Arctic Ocean,14.08,35.56,1.97,-0.113
2020-01-04,Arctic Ocean,16.23,35.57,1.49,0.143
2020-01-05,Arctic Ocean,18.58,34.1,1.72,-0.103
2020-01-06,Arctic Ocean,17.5,34.89,0.79,-0.057
2020-01-07,Arctic Ocean,14.96,34.72,1.06,-0.013
2020-01-08,Arctic Ocean,14.09,35.61,1.61,0.042
2020-01-09,Arctic Ocean,15.49,35.83,0.55,-0.145
2020-01-10,Arctic Ocean,15.91,34.73,0.25,-0.079
2020-01-11,Arctic Ocean,16.83,34.96,2.42,-0.097
2020-01-12,Arctic Ocean,16.98,35.46,1.19,0.098
2020-01-13,Arctic Ocean,20.18,34.42,1.53,0.115
2020-01-14,Arctic Ocean,15.57,35.27,1.93,-0.151
2020-01-15,Arctic Ocean,15.95,35.2,2.02,0.065
2020-01-16,Arctic Ocean,15.76,35.06,0.69,0.011
2020-01-17,Arctic Ocean,15.92,34.15,2.19,-0.004
2020-01-18,Arctic Ocean,13.97,34.87,0.56,0.032
2020-01-19,Arctic Ocean,15.83,35.03,2.03,-0.106
2020-01-20,Arctic Ocean,17.94,34.88,2.44,0.05
2020-01-21,Arctic Ocean,19.87,34.84,1.66,-0.071
2020-01-22,Arctic Ocean,15.57,35.24,2.47,-0.014
2020-01-23,Arctic Ocean,16.29,34.26,0.29,-0.232
2020-01-24,Arctic Ocean,19.11,34.31,2.08,0.152
2020-01-25,Arctic Ocean,15.13,34.57,1.38,-0.049
2020-01-26,Arctic Ocean,18.06,35.05,1.43,-0.135
2020-01-27,Arctic Ocean,16.85,34.81,1.24,0.134
2020-01-28,Arctic Ocean,16.64,35.3,0.4,-0.065
2020-01-29,Arctic Ocean,17.59,34.14,1.19,0.0
2020-01-30,Arctic Ocean,14.22,35.33,0.82,-0.011
2020-01-31,Arctic Ocean,13.01,35.75,1.61,-0.011
2020-02-01,Arctic Ocean,15.68,35.03,1.85,-0.051
2020-02-02,Arctic Ocean,17.8,34.97,0.69,0.072
2020-02-03,Arctic Ocean,18.09,35.39,1.48,-0.021
2020-02-04,Arctic Ocean,19.58,34.94,0.72,-0.021
2020-02-05,Arctic Ocean,21.26,34.79,0.15,0.016
2020-02-06,Arctic Ocean,14.88,35.04,0.57,-0.013
2020-02-07,Arctic Ocean,16.49,34.39,1.87,-0.078
2020-02-08,Arctic Ocean,14.31,34.68,2.1,0.046
2020-02-09,Arctic Ocean,15.84,35.82,2.48,-0.092
2020-02-10,Arctic Ocean,16.66,35.77,1.76,-0.088
2020-02-11,Arctic Ocean,15.32,34.67,0.54,0.032
2020-02-12,Arctic Ocean,14.99,34.75,2.32,0.07
2020-02-13,Arctic Ocean,16.33,34.79,2.3,-0.065
2020-02-14,Arctic Ocean,15.36,34.31,2.17,-0.174
2020-02-15,Arctic Ocean,17.36,34.5,1.75,-0.035
2020-02-16,Arctic Ocean,15.07,35.17,0.54,-0.022
2020-02-17,Arctic Ocean,18.69,35.54,1.76,0.051
2020-02-18,Arctic Ocean,17.8,34.34,1.58,0.08
2020-02-19,Arctic Ocean,14.74,34.16,1.27,-0.191
2020-02-20,Arctic Ocean,15.2,34.81,1.09,-0.035
2020-02-21,Arctic Ocean,15.83,35.33,0.63,-0.15
2020-02-22,Arctic Ocean,12.17,35.32,1.87,-0.019
2020-02-23,Arctic Ocean,17.54,35.2,2.13,-0.006
2020-02-24,Arctic Ocean,17.71,34.86,2.38,0.064
2020-02-25,Arctic Ocean,16.01,34.22,0.83,-0.161
2020-02-26,Arctic Ocean,19.46,34.74,1.6,-0.141
2020-02-27,Arctic Ocean,15.84,35.65,1.97,-0.066
2020-02-28,Arctic Ocean,17.16,34.85,0.66,0.221
2020-02-29,Arctic Ocean,13.48,34.94,1.85,0.204
2020-03-01,Arctic Ocean,13.86,35.15,1.89,0.023
2020-03-02,Arctic Ocean,14.71,34.72,1.18,-0.077
2020-03-03,Arctic Ocean,14.7,34.66,1.48,-0.118
2020-03-04,Arctic Ocean,15.62,35.12,2.06,0.075
2020-03-05,Arctic Ocean,14.32,36.05,2.01,-0.122
2020-03-06,Arctic Ocean,18.07,34.84,0.14,-0.136
2020-03-07,Arctic Ocean,16.07,35.53,1.38,0.036
2020-03-08,Arctic Ocean,15.34,34.48,2.49,0.075
2020-03-09,Arctic Ocean,17.55,34.79,2.06,0.02
2020-03-10,Arctic Ocean,17.53,34.24,0.92,-0.056
2020-03-11,Arctic Ocean,18.42,34.89,0.76,-0.029
2020-03-12,Arctic Ocean,17.31,35.09,1.44,-0.088
2020-03-13,Arctic Ocean,16.32,35.11,0.86,0.152
2020-03-14,Arctic Ocean,15.86,34.87,1.68,0.097
2020-03-15,Arctic Ocean,17.48,35.29,0.9,-0.151
2020-03-16,Arctic Ocean,15.01,35.14,1.47,0.009
2020-03-17,Arctic Ocean,18.99,35.07,0.7,0.196
2020-03-18,Arctic Ocean,15.64,35.91,0.47,-0.001
2020-03-19,Arctic Ocean,14.58,34.71,2.34,0.233
2020-03-20,Arctic Ocean,20.4,35.67,0.15,-0.051
2020-03-21,Arctic Ocean,16.26,35.7,1.42,0.056
2020-03-22,Arctic Ocean,19.39,34.7,2.35,-0.152
2020-03-23,Arctic Ocean,11.79,35.62,0.76,-0.058
2020-03-24,Arctic Ocean,17.48,34.94,0.88,-0.033
2020-03-25,Arctic Ocean,16.87,34.66,0.63,0.083
2020-03-26,Arctic Ocean,12.26,35.55,1.15,-0.062
2020-03-27,Arctic Ocean,11.51,33.49,1.88,0.037
2020-03-28,Arctic Ocean,19.91,35.19,1.13,0.076
2020-03-29,Arctic Ocean,18.79,35.11,0.44,0.145
2020-03-30,Arctic Ocean,17.12,34.86,0.92,-0.08
2020-03-31,Arctic Ocean,12.23,34.78,0.65,-0.035
2020-04-01,Arctic Ocean,16.23,34.48,1.44,0.066
2020-04-02,Arctic Ocean,17.49,34.97,0.57,-0.006
2020-04-03,Arctic Ocean,17.1,35.18,0.79,-0.06
2020-04-04,Arctic Ocean,16.64,33.84,1.68,0.095
2020-04-05,Arctic Ocean,15.61,34.24,2.12,0.174
2020-04-06,Arctic Ocean,13.22,35.42,1.4,-0.013
2020-04-07,Arctic Ocean,16.36,35.09,0.3,0.035
2020-04-08,Arctic Ocean,15.17,34.49,1.59,-0.096
2020-04-09,Arctic Ocean,18.47,35.06,1.33,-0.006
2020-04-10,Arctic Ocean,19.1,34.46,1.12,0.103
2020-04-11,Arctic Ocean,16.84,34.18,2.42,0.128
2020-04-12,Arctic Ocean,21.52,35.03,2.15,0.188
2020-04-13,Arctic Ocean,20.77,34.96,1.28,-0.085
2020-04-14,Arctic Ocean,14.38,35.13,0.26,-0.104
2020-04-15,Arctic Ocean,18.42,35.55,1.82,0.01
2020-04-16,Arctic Ocean,15.04,35.29,0.83,0.021
2020-04-17,Arctic Ocean,15.85,35.76,0.22,-0.017
2020-04-18,Arctic Ocean,17.78,35.29,1.76,-0.048
2020-04-19,Arctic Ocean,16.14,34.6,2.21,0.113
2020-04-20,Arctic Ocean,17.79,34.91,2.14,-0.045
2020-04-21,Arctic Ocean,17.08,34.17,1.38,-0.049
2020-04-22,Arctic Ocean,17.35,35.31,1.21,-0.061
2020-04-23,Arctic Ocean,16.83,35.04,1.51,0.044
2020-04-24,Arctic Ocean,16.36,35.29,1.08,-0.023
2020-04-25,Arctic Ocean,14.25,34.3,1.66,-0.0
2020-04-26,Arctic Ocean,16.64,35.07,2.14,0.118
2020-04-27,Arctic Ocean,15.58,34.44,0.28,0.028
2020-04-28,Arctic Ocean,20.55,35.26,1.98,0.012
2020-04-29,Arctic Ocean,14.65,34.51,0.52,-0.048
2020-04-30,Arctic Ocean,16.94,34.75,0.78,-0.007
2020-05-01,Arctic Ocean,17.51,36.06,2.22,-0.041
2020-05-02,Arctic Ocean,19.54,34.96,2.09,0.169
2020-05-03,Arctic Ocean,19.01,34.32,1.36,-0.051
2020-05-04,Arctic Ocean,22.52,34.45,2.42,0.089
2020-05-05,Arctic Ocean,17.02,34.89,1.12,-0.07
2020-05-06,Arctic Ocean,18.37,34.67,2.17,0.218
2020-05-07,Arctic Ocean,16.81,34.85,1.32,-0.021
2020-05-08,Arctic Ocean,14.64,34.86,0.17,-0.138
2020-05-09,Arctic Ocean,16.69,34.63,1.02,0.019
2020-05-10,Arctic Ocean,15.92,35.68,2.0,-0.086
2020-05-11,Arctic Ocean,15.6,35.14,0.64,-0.043
2020-05-12,Arctic Ocean,17.54,34.06,0.94,0.102
2020-05-13,Arctic Ocean,13.68,35.47,0.33,0.208
2020-05-14,Arctic Ocean,20.5,35.11,0.12,0.092
2020-05-15,Arctic Ocean,18.62,34.4,2.18,0.064
2020-05-16,Arctic Ocean,15.7,34.87,1.93,-0.135
2020-05-17,Arctic Ocean,19.32,34.27,0.22,-0.108
2020-05-18,Arctic Ocean,18.6,34.04,1.1,-0.046
2020-05-19,Arctic Ocean,16.08,34.89,1.38,-0.008
2020-05-20,Arctic Ocean,14.23,34.21,0.57,0.184
2020-05-21,Arctic Ocean,18.59,34.2,0.84,0.057
2020-05-22,Arctic Ocean,15.71,35.56,1.39,0.06
2020-05-23,Arctic Ocean,15.94,35.39,0.79,-0.099
2020-05-24,Arctic Ocean,18.52,34.2,0.68,0.057
2020-05-25,Arctic Ocean,16.21,35.44,1.12,-0.154
2020-05-26,Arctic Ocean,17.72,34.42,1.76,-0.075
2020-05-27,Arctic Ocean,17.38,34.37,0.57,0.069
2020-05-28,Arctic Ocean,20.4,34.37,0.58,-0.105
2020-05-29,Arctic Ocean,16.48,34.68,1.67,-0.106
2020-05-30,Arctic Ocean,17.48,35.23,2.36,0.104
2020-05-31,Arctic Ocean,17.08,34.28,1.55,0.14
2020-06-01,Arctic Ocean,17.3,34.88,1.9,-0.048
2020-06-02,Arctic Ocean,17.74,35.33,2.21,0.097
2020-06-03,Arctic Ocean,18.67,35.61,1.69,-0.119
2020-06-04,Arctic Ocean,18.69,35.47,0.6,-0.124
2020-06-05,Arctic Ocean,14.62,34.79,2.25,0.003
2020-06-06,Arctic Ocean,12.6,35.06,0.3,0.006
2020-06-07,Arctic Ocean,16.38,34.48,0.72,0.034
2020-06-08,Arctic Ocean,19.14,35.21,2.03,-0.179
2020-06-09,Arctic Ocean,17.9,34.42,0.55,0.001
2020-06-10,Arctic Ocean,17.62,34.73,1.06,-0.001
2020-06-11,Arctic Ocean,17.93,34.34,1.2,-0.091
2020-06-12,Arctic Ocean,14.47,35.48,0.16,0.104
2020-06-13,Arctic Ocean,17.92,34.23,1.75,0.158
2020-06-14,Arctic Ocean,18.8,35.32,2.37,0.018
2020-06-15,Arctic Ocean,16.91,34.86,0.44,0.104
2020-06-16,Arctic Ocean,15.79,34.95,1.87,-0.031
2020-06-17,Arctic Ocean,17.0,35.68,1.77,-0.116
2020-06-18,Arctic Ocean,18.75,34.86,1.0,0.014
2020-06-19,Arctic Ocean,18.36,35.61,1.03,0.04
2020-06-20,Arctic Ocean,16.13,35.03,0.32,0.034
2020-06-21,Arctic Ocean,15.39,34.74,2.43,-0.035
2020-06-22,Arctic Ocean,21.33,33.98,0.46,-0.04
2020-06-23,Arctic Ocean,15.59,35.97,1.43,0.103
2020-06-24,Arctic Ocean,16.13,35.16,0.18,0.155
2020-06-25,Arctic Ocean,15.91,34.25,0.45,0.172
2020-06-26,Arctic Ocean,17.68,34.72,2.45,0.048
2020-06-27,Arctic Ocean,20.65,34.22,2.04,0.204
2020-06-28,Arctic Ocean,17.38,35.19,1.38,0.079
2020-06-29,Arctic Ocean,17.18,35.02,1.01,-0.013
2020-06-30,Arctic Ocean,17.82,35.39,0.86,0.004
2020-07-01,Arctic Ocean,19.95,34.66,0.86,0.07
2020-07-02,Arctic Ocean,15.48,34.32,0.76,0.182
2020-07-03,Arctic Ocean,16.54,34.95,1.62,0.119
2020-07-04,Arctic Ocean,18.27,34.92,1.52,-0.075
2020-07-05,Arctic Ocean,18.66,35.66,1.22,0.078
2020-07-06,Arctic Ocean,16.77,35.21,1.39,-0.027
2020-07-07,Arctic Ocean,18.77,34.01,1.85,-0.16
2020-07-08,Arctic Ocean,18.16,34.29,1.52,0.048
2020-07-09,Arctic Ocean,18.53,35.42,0.35,-0.062
2020-07-10,Arctic Ocean,19.07,35.19,1.54,0.073
2020-07-11,Arctic Ocean,21.42,34.56,0.41,-0.125
2020-07-12,Arctic Ocean,20.54,34.93,1.69,0.028
2020-07-13,Arctic Ocean,16.35,34.75,0.19,0.055
2020-07-14,Arctic Ocean,22.31,34.75,1.99,-0.0
2020-07-15,Arctic Ocean,18.84,34.22,1.47,0.003
2020-07-16,Arctic Ocean,18.3,34.74,1.07,0.14
2020-07-17,Arctic Ocean,13.64,35.19,2.43,-0.111
2020-07-18,Arctic Ocean,17.5,35.02,2.06,-0.117
2020-07-19,Arctic Ocean,15.1,35.52,0.91,0.136
2020-07-20,Arctic Ocean,16.86,34.84,2.35,-0.092
2020-07-21,Arctic Ocean,18.11,35.16,0.76,0.138
2020-07-22,Arctic Ocean,17.94,34.98,1.32,0.11
2020-07-23,Arctic Ocean,19.67,35.54,1.39,0.024
2020-07-24,Arctic Ocean,12.88,35.34,0.23,-0.051
2020-07-25,Arctic Ocean,19.53,36.28,1.48,0.023
2020-07-26,Arctic Ocean,15.6,34.54,2.02,0.044
2020-07-27,Arctic Ocean,17.66,34.9,2.24,-0.135
2020-07-28,Arctic Ocean,23.29,35.0,1.03,0.017
2020-07-29,Arctic Ocean,14.91,36.08,0.35,-0.081
2020-07-30,Arctic Ocean,16.61,34.92,0.72,0.181
2020-07-31,Arctic Ocean,20.76,34.73,2.12,0.103
2020-08-01,Arctic Ocean,14.77,34.69,0.47,0.091
2020-08-02,Arctic Ocean,17.0,35.54,1.73,-0.222
2020-08-03,Arctic Ocean,17.01,34.84,1.85,-0.094
2020-08-04,Arctic Ocean,19.32,35.33,0.95,0.013
2020-08-05,Arctic Ocean,18.77,35.4,0.75,-0.091
2020-08-06,Arctic Ocean,17.22,34.83,0.79,0.25
2020-08-07,Arctic Ocean,16.98,35.58,2.44,0.037
2020-08-08,Arctic Ocean,15.58,35.29,2.0,-0.122
2020-08-09,Arctic Ocean,19.2,35.15,0.95,0.107
2020-08-10,Arctic Ocean,20.21,35.55,1.11,-0.003
2020-08-11,Arctic Ocean,18.62,34.96,0.99,-0.293
2020-08-12,Arctic Ocean,20.73,35.34,2.25,-0.11
2020-08-13,Arctic Ocean,17.52,34.79,1.22,-0.059
2020-08-14,Arctic Ocean,15.56,36.07,2.46,0.003
2020-08-15,Arctic Ocean,18.51,35.26,0.74,0.02
2020-08-16,Arctic Ocean,15.06,34.78,1.46,0.0
2020-08-17,Arctic Ocean,16.13,35.23,1.22,-0.058
2020-08-18,Arctic Ocean,16.46,35.36,0.94,-0.008
2020-08-19,Arctic Ocean,18.57,35.06,0.14,0.05
2020-08-20,Arctic Ocean,16.41,34.88,1.87,-0.01
2020-08-21,Arctic Ocean,14.46,34.67,1.81,-0.021
2020-08-22,Arctic Ocean,20.88,35.39,0.79,-0.009
2020-08-23,Arctic Ocean,21.12,35.6,2.14,-0.049
2020-08-24,Arctic Ocean,16.52,35.33,2.45,0.083
2020-08-25,Arctic Ocean,19.16,36.31,0.87,0.021
2020-08-26,Arctic Ocean,18.81,35.46,0.47,-0.094
2020-08-27,Arctic Ocean,16.82,35.31,0.12,-0.084
2020-08-28,Arctic Ocean,21.5,35.33,2.11,-0.006
2020-08-29,Arctic Ocean,18.11,35.36,1.47,-0.059
2020-08-30,Arctic Ocean,18.2,34.97,1.29,0.098
2020-08-31,Arctic Ocean,16.92,35.42,2.48,0.015
2020-09-01,Arctic Ocean,19.71,34.65,1.32,-0.084
2020-09-02,Arctic Ocean,17.27,34.18,0.72,0.07
2020-09-03,Arctic Ocean,16.89,34.9,1.55,-0.032
2020-09-04,Arctic Ocean,14.93,35.03,1.29,0.119
2020-09-05,Arctic Ocean,16.99,34.7,0.81,0.072
2020-09-06,Arctic Ocean,18.78,34.16,1.12,0.03
2020-09-07,Arctic Ocean,20.1,35.16,1.38,-0.056
2020-09-08,Arctic Ocean,17.61,35.52,1.21,0.049
2020-09-09,Arctic Ocean,19.16,35.08,1.45,-0.169
2020-09-10,Arctic Ocean,13.08,36.07,1.84,-0.142
2020-09-11,Arctic Ocean,15.05,35.15,0.84,-0.095
2020-09-12,Arctic Ocean,15.97,35.05,2.41,-0.062
2020-09-13,Arctic Ocean,18.07,35.71,1.64,0.033
2020-09-14,Arctic Ocean,18.22,35.21,0.85,-0.004
2020-09-15,Arctic Ocean,18.72,35.13,1.36,0.085
2020-09-16,Arctic Ocean,15.56,34.56,2.33,0.012
2020-09-17,Arctic Ocean,18.0,34.29,0.69,-0.141
2020-09-18,Arctic Ocean,15.39,34.76,1.2,0.032
2020-09-19,Arctic Ocean,19.85,35.55,1.21,0.015
2020-09-20,Arctic Ocean,15.04,35.15,0.47,0.113
2020-09-21,Arctic Ocean,20.2,35.15,1.17,-0.093
2020-09-22,Arctic Ocean,16.66,34.82,2.23,0.061
2020-09-23,Arctic Ocean,18.05,34.86,2.12,-0.06
2020-09-24,Arctic Ocean,19.32,35.37,1.14,-0.028
2020-09-25,Arctic Ocean,18.99,34.68,0.32,0.129
2020-09-26,Arctic Ocean,20.47,34.41,0.52,-0.049
2020-09-27,Arctic Ocean,14.42,35.3,0.51,0.043
2020-09-28,Arctic Ocean,14.17,34.86,0.92,0.032
2020-09-29,Arctic Ocean,18.9,35.05,1.15,-0.102
2020-09-30,Arctic Ocean,16.48,33.75,0.24,0.179
2020-10-01,Arctic Ocean,18.69,34.8,0.62,0.196
2020-10-02,Arctic Ocean,19.24,34.73,0.43,0.237
2020-10-03,Arctic Ocean,18.05,34.35,1.27,-0.031
2020-10-04,Arctic Ocean,16.87,35.0,2.03,-0.077
2020-10-05,Arctic Ocean,13.2,34.58,1.16,0.089
2020-10-06,Arctic Ocean,18.22,34.58,1.44,-0.011
2020-10-07,Arctic Ocean,20.87,34.62,1.29,0.002
2020-10-08,Arctic Ocean,21.21,35.2,1.53,-0.145
2020-10-09,Arctic Ocean,14.0,35.69,2.18,0.104
2020-10-10,Arctic Ocean,20.3,35.02,2.41,-0.131
2020-10-11,Arctic Ocean,14.86,35.09,0.9,0.233
2020-10-12,Arctic Ocean,18.11,34.57,2.34,-0.119
2020-10-13,Arctic Ocean,15.51,35.06,0.15,0.115
2020-10-14,Arctic Ocean,16.9,35.25,1.78,-0.05
2020-10-15,Arctic Ocean,18.44,34.09,1.84,0.093
2020-10-16,Arctic Ocean,15.31,34.24,0.32,-0.07
2020-10-17,Arctic Ocean,15.55,34.62,0.77,0.024
2020-10-18,Arctic Ocean,14.63,34.93,2.46,-0.024
2020-10-19,Arctic Ocean,17.98,34.82,0.94,0.152
2020-10-20,Arctic Ocean,16.29,35.86,0.89,-0.104
2020-10-21,Arctic Ocean,15.79,35.4,0.4,-0.096
2020-10-22,Arctic Ocean,17.19,34.57,1.62,-0.043
2020-10-23,Arctic Ocean,18.72,34.2,1.39,-0.127
2020-10-24,Arctic Ocean,17.69,34.77,1.07,-0.138
2020-10-25,Arctic Ocean,14.69,34.48,0.55,-0.171
2020-10-26,Arctic Ocean,19.71,35.14,1.37,-0.019
2020-10-27,Arctic Ocean,19.12,35.75,0.63,-0.092
2020-10-28,Arctic Ocean,15.68,34.79,0.27,-0.104
2020-10-29,Arctic Ocean,16.39,34.9,1.97,0.105
2020-10-30,Arctic Ocean,15.66,34.74,2.47,0.033
2020-10-31,Arctic Ocean,18.29,34.35,2.16,-0.097
2020-11-01,Arctic Ocean,16.51,34.12,0.58,-0.105
2020-11-02,Arctic Ocean,17.72,35.27,0.39,-0.021
2020-11-03,Arctic Ocean,21.38,35.18,1.63,-0.004
2020-11-04,Arctic Ocean,16.63,34.96,0.25,0.075
2020-11-05,Arctic Ocean,20.42,34.67,1.37,-0.053
2020-11-06,Arctic Ocean,17.8,35.19,2.35,0.091
2020-11-07,Arctic Ocean,17.33,35.33,1.6,-0.069
2020-11-08,Arctic Ocean,19.04,35.92,2.31,-0.024
2020-11-09,Arctic Ocean,22.47,35.28,0.41,-0.135
2020-11-10,Arctic Ocean,20.01,34.52,0.68,0.065
2020-11-11,Arctic Ocean,20.92,34.38,0.42,0.025
2020-11-12,Arctic Ocean,20.0,35.32,1.73,0.048
2020-11-13,Arctic Ocean,21.33,35.22,0.24,0.046
2020-11-14,Arctic Ocean,20.44,34.77,1.38,-0.122
2020-11-15,Arctic Ocean,19.25,35.34,0.48,0.029
2020-11-16,Arctic Ocean,18.47,35.4,1.81,0.085
2020-11-17,Arctic Ocean,18.3,35.41,2.47,-0.029
2020-11-18,Arctic Ocean,19.99,35.18,1.19,0.036
2020-11-19,Arctic Ocean,21.24,34.58,2.03,0.186
2020-11-20,Arctic Ocean,17.71,34.77,0.29,0.03
2020-11-21,Arctic Ocean,15.47,34.61,0.42,0.158
2020-11-22,Arctic Ocean,18.51,35.06,2.0,-0.101
2020-11-23,Arctic Ocean,17.19,35.67,2.23,0.024
2020-11-24,Arctic Ocean,19.41,34.01,1.18,0.049
2020-11-25,Arctic Ocean,19.26,34.83,1.4,0.022
2020-11-26,Arctic Ocean,20.33,34.46,0.45,0.065
2020-11-27,Arctic Ocean,14.95,35.23,1.31,-0.193
2020-11-28,Arctic Ocean,18.49,34.58,1.84,0.016
2020-11-29,Arctic Ocean,17.43,35.39,1.86,-0.159
2020-11-30,Arctic Ocean,18.88,34.18,2.03,-0.036
2020-12-01,Arctic Ocean,19.15,35.39,0.16,0.105
2020-12-02,Arctic Ocean,16.76,35.15,2.09,-0.04
2020-12-03,Arctic Ocean,19.54,35.08,0.15,0.035
2020-12-04,Arctic Ocean,18.92,34.6,1.52,0.154
2020-12-05,Arctic Ocean,20.35,34.65,1.99,-0.199
2020-12-06,Arctic Ocean,17.51,34.39,1.6,0.036
2020-12-07,Arctic Ocean,21.35,34.49,0.53,0.081
2020-12-08,Arctic Ocean,18.03,35.26,0.86,0.029
2020-12-09,Arctic Ocean,22.87,34.81,0.36,0.001
2020-12-10,Arctic Ocean,16.7,34.98,1.19,-0.085
2020-12-11,Arctic Ocean,16.69,35.4,1.48,-0.024
2020-12-12,Arctic Ocean,18.6,35.39,1.61,0.118
2020-12-13,Arctic Ocean,19.26,35.39,1.05,0.19
2020-12-14,Arctic Ocean,20.74,34.44,1.09,-0.125
2020-12-15,Arctic Ocean,21.58,35.84,0.73,-0.097
2020-12-16,Arctic Ocean,20.57,34.94,0.68,0.033
2020-12-17,Arctic Ocean,21.55,34.31,1.76,0.219
2020-12-18,Arctic Ocean,16.03,34.88,1.12,0.048
2020-12-19,Arctic Ocean,18.44,34.5,0.5,-0.097
2020-12-20,Arctic Ocean,16.61,35.48,1.97,0.023
2020-12-21,Arctic Ocean,19.34,34.3,0.13,-0.015
2020-12-22,Arctic Ocean,17.94,34.59,0.33,0.097
2020-12-23,Arctic Ocean,16.11,35.74,2.27,-0.144
2020-12-24,Arctic Ocean,15.15,34.79,1.89,-0.094
2020-12-25,Arctic Ocean,21.24,35.46,1.74,-0.1
2020-12-26,Arctic Ocean,18.99,35.21,0.15,0.145
2020-12-27,Arctic Ocean,16.92,35.16,2.02,-0.024
2020-12-28,Arctic Ocean,16.58,35.34,0.73,-0.003
2020-12-29,Arctic Ocean,18.62,35.03,1.99,0.051
2020-12-30,Arctic Ocean,16.83,34.66,2.45,0.093
